updated_at,file,kind,status,use_allowed,reason,replacement,last_modified,size_kb
2026/05/26 14:04,100_june_event_gate_checklist.csv,CSV,履歴データ,内部確認のみ,過去工程または途中検証のCSV。必要時に履歴として確認する。,current_vs_history_materials_20260525.html,2026/05/20 08:35,1
2026/05/26 14:04,101_june_gate_blockers.csv,CSV,履歴データ,内部確認のみ,過去工程または途中検証のCSV。必要時に履歴として確認する。,current_vs_history_materials_20260525.html,2026/05/20 08:46,6
2026/05/26 14:04,102_june_event_result_input.csv,CSV,履歴データ,内部確認のみ,過去工程または途中検証のCSV。必要時に履歴として確認する。,current_vs_history_materials_20260525.html,2026/05/20 08:46,1
2026/05/26 14:04,103_june_final_gate_template.csv,CSV,履歴データ,内部確認のみ,過去工程または途中検証のCSV。必要時に履歴として確認する。,current_vs_history_materials_20260525.html,2026/05/20 08:46,1
2026/05/26 14:04,104_june_event_gate_rules.csv,CSV,履歴データ,内部確認のみ,過去工程または途中検証のCSV。必要時に履歴として確認する。,current_vs_history_materials_20260525.html,2026/05/20 09:53,1
2026/05/26 14:04,105_june_event_candidate_matrix.csv,CSV,履歴データ,内部確認のみ,過去工程または途中検証のCSV。必要時に履歴として確認する。,current_vs_history_materials_20260525.html,2026/05/20 09:53,5
2026/05/26 14:04,106_june_event_engine_output.csv,CSV,履歴データ,内部確認のみ,過去工程または途中検証のCSV。必要時に履歴として確認する。,current_vs_history_materials_20260525.html,2026/05/20 09:53,2
2026/05/26 14:04,107_capital_allocation_rules.csv,CSV,履歴データ,内部確認のみ,過去工程または途中検証のCSV。必要時に履歴として確認する。,current_vs_history_materials_20260525.html,2026/05/20 10:51,1
2026/05/26 14:04,108_capital_allocation_by_ticker.csv,CSV,履歴データ,内部確認のみ,過去工程または途中検証のCSV。必要時に履歴として確認する。,current_vs_history_materials_20260525.html,2026/05/20 10:51,2
2026/05/26 14:04,109_capital_scenario_plan.csv,CSV,履歴データ,内部確認のみ,過去工程または途中検証のCSV。必要時に履歴として確認する。,current_vs_history_materials_20260525.html,2026/05/20 10:51,1
2026/05/26 14:04,110_capital_risk_transfer_rules.csv,CSV,履歴データ,内部確認のみ,過去工程または途中検証のCSV。必要時に履歴として確認する。,current_vs_history_materials_20260525.html,2026/05/20 10:51,1
2026/05/26 14:04,111_operation_decision_log.csv,CSV,履歴データ,内部確認のみ,過去工程または途中検証のCSV。必要時に履歴として確認する。,current_vs_history_materials_20260525.html,2026/05/20 11:13,3
2026/05/26 14:04,112_prediction_actual_tracking.csv,CSV,履歴データ,内部確認のみ,過去工程または途中検証のCSV。必要時に履歴として確認する。,current_vs_history_materials_20260525.html,2026/05/20 11:13,3
2026/05/26 14:04,113_benchmark_tracking_template.csv,CSV,履歴データ,内部確認のみ,過去工程または途中検証のCSV。必要時に履歴として確認する。,current_vs_history_materials_20260525.html,2026/05/20 11:13,0
2026/05/26 14:04,114_operation_review_summary.csv,CSV,履歴データ,内部確認のみ,過去工程または途中検証のCSV。必要時に履歴として確認する。,current_vs_history_materials_20260525.html,2026/05/20 11:13,1
2026/05/26 14:04,115_june_interactive_candidates.csv,CSV,履歴データ,内部確認のみ,過去工程または途中検証のCSV。必要時に履歴として確認する。,current_vs_history_materials_20260525.html,2026/05/20 11:25,1
2026/05/26 14:04,116_june_interactive_events.csv,CSV,履歴データ,内部確認のみ,過去工程または途中検証のCSV。必要時に履歴として確認する。,current_vs_history_materials_20260525.html,2026/05/20 11:25,1
2026/05/26 14:04,117_june_interactive_rules.csv,CSV,履歴データ,内部確認のみ,過去工程または途中検証のCSV。必要時に履歴として確認する。,current_vs_history_materials_20260525.html,2026/05/20 11:25,1
2026/05/26 14:04,118_event_decision_record_template.csv,CSV,履歴データ,内部確認のみ,過去工程または途中検証のCSV。必要時に履歴として確認する。,current_vs_history_materials_20260525.html,2026/05/20 11:25,2
2026/05/26 14:04,119_event_record_import_guide.csv,CSV,履歴データ,内部確認のみ,過去工程または途中検証のCSV。必要時に履歴として確認する。,current_vs_history_materials_20260525.html,2026/05/20 11:32,1
2026/05/26 14:04,120_benchmark_review_input_template.csv,CSV,履歴データ,内部確認のみ,過去工程または途中検証のCSV。必要時に履歴として確認する。,current_vs_history_materials_20260525.html,2026/05/20 11:54,1
2026/05/26 14:04,121_benchmark_review_schedule.csv,CSV,履歴データ,内部確認のみ,過去工程または途中検証のCSV。必要時に履歴として確認する。,current_vs_history_materials_20260525.html,2026/05/20 11:54,1
2026/05/26 14:04,122_model_improvement_causes.csv,CSV,履歴データ,内部確認のみ,過去工程または途中検証のCSV。必要時に履歴として確認する。,current_vs_history_materials_20260525.html,2026/05/20 12:23,2
2026/05/26 14:04,123_model_improvement_rules.csv,CSV,履歴データ,内部確認のみ,過去工程または途中検証のCSV。必要時に履歴として確認する。,current_vs_history_materials_20260525.html,2026/05/20 12:23,1
2026/05/26 14:04,124_model_improvement_log_template.csv,CSV,履歴データ,内部確認のみ,過去工程または途中検証のCSV。必要時に履歴として確認する。,current_vs_history_materials_20260525.html,2026/05/20 12:23,0
2026/05/26 14:04,125_operation_cockpit_workflow.csv,CSV,履歴データ,内部確認のみ,過去工程または途中検証のCSV。必要時に履歴として確認する。,current_vs_history_materials_20260525.html,2026/05/20 12:33,3
2026/05/26 14:04,126_operation_cockpit_boundary.csv,CSV,履歴データ,内部確認のみ,過去工程または途中検証のCSV。必要時に履歴として確認する。,current_vs_history_materials_20260525.html,2026/05/20 12:33,2
2026/05/26 14:04,127_operation_cockpit_status.csv,CSV,履歴データ,内部確認のみ,過去工程または途中検証のCSV。必要時に履歴として確認する。,current_vs_history_materials_20260525.html,2026/05/20 12:33,1
2026/05/26 14:04,128_delivery_asset_check.csv,CSV,履歴データ,内部確認のみ,過去工程または途中検証のCSV。必要時に履歴として確認する。,current_vs_history_materials_20260525.html,2026/05/20 17:42,3
2026/05/26 14:04,129_delivery_csv_check.csv,CSV,履歴データ,内部確認のみ,過去工程または途中検証のCSV。必要時に履歴として確認する。,current_vs_history_materials_20260525.html,2026/05/20 17:42,4
2026/05/26 14:04,130_delivery_link_check.csv,CSV,履歴データ,内部確認のみ,過去工程または途中検証のCSV。必要時に履歴として確認する。,current_vs_history_materials_20260525.html,2026/05/20 17:42,8
2026/05/26 14:04,131_delivery_excel_sheet_check.csv,CSV,履歴データ,内部確認のみ,過去工程または途中検証のCSV。必要時に履歴として確認する。,current_vs_history_materials_20260525.html,2026/05/20 17:42,5
2026/05/26 14:04,132_client_handoff_summary.csv,CSV,履歴データ,内部確認のみ,過去工程または途中検証のCSV。必要時に履歴として確認する。,current_vs_history_materials_20260525.html,2026/05/20 17:40,1
2026/05/26 14:04,133_client_handoff_usage.csv,CSV,履歴データ,内部確認のみ,過去工程または途中検証のCSV。必要時に履歴として確認する。,current_vs_history_materials_20260525.html,2026/05/20 17:40,1
2026/05/26 14:04,134_client_handoff_trust.csv,CSV,履歴データ,内部確認のみ,過去工程または途中検証のCSV。必要時に履歴として確認する。,current_vs_history_materials_20260525.html,2026/05/20 17:40,1
2026/05/26 14:04,135_client_handoff_deliverables.csv,CSV,履歴データ,内部確認のみ,過去工程または途中検証のCSV。必要時に履歴として確認する。,current_vs_history_materials_20260525.html,2026/05/20 17:40,1
2026/05/26 14:04,136_data_acquisition_decision_summary.csv,CSV,履歴データ,内部確認のみ,過去工程または途中検証のCSV。必要時に履歴として確認する。,current_vs_history_materials_20260525.html,2026/05/20 13:09,1
2026/05/26 14:04,137_data_acquisition_status_matrix.csv,CSV,履歴データ,内部確認のみ,過去工程または途中検証のCSV。必要時に履歴として確認する。,current_vs_history_materials_20260525.html,2026/05/20 13:09,7
2026/05/26 14:04,138_data_acquisition_remaining_actions.csv,CSV,履歴データ,内部確認のみ,過去工程または途中検証のCSV。必要時に履歴として確認する。,current_vs_history_materials_20260525.html,2026/05/20 13:09,2
2026/05/26 14:04,139_data_acquisition_theme_series.csv,CSV,履歴データ,内部確認のみ,過去工程または途中検証のCSV。必要時に履歴として確認する。,current_vs_history_materials_20260525.html,2026/05/20 13:09,3
2026/05/26 14:04,140_candidate_discovery_summary.csv,CSV,履歴データ,内部確認のみ,過去工程または途中検証のCSV。必要時に履歴として確認する。,current_vs_history_materials_20260525.html,2026/05/20 14:57,0
2026/05/26 14:04,141_candidate_discovery_method.csv,CSV,履歴データ,内部確認のみ,過去工程または途中検証のCSV。必要時に履歴として確認する。,current_vs_history_materials_20260525.html,2026/05/20 14:57,1
2026/05/26 14:04,142_candidate_discovery_funnel_score.csv,CSV,履歴データ,内部確認のみ,過去工程または途中検証のCSV。必要時に履歴として確認する。,current_vs_history_materials_20260525.html,2026/05/20 14:57,4
2026/05/26 14:04,143_candidate_discovery_stop_rules.csv,CSV,履歴データ,内部確認のみ,過去工程または途中検証のCSV。必要時に履歴として確認する。,current_vs_history_materials_20260525.html,2026/05/20 14:57,1
2026/05/26 14:04,144_trend_deduction_summary.csv,CSV,履歴データ,内部確認のみ,過去工程または途中検証のCSV。必要時に履歴として確認する。,current_vs_history_materials_20260525.html,2026/05/20 15:18,1
2026/05/26 14:04,145_trend_deduction_framework.csv,CSV,履歴データ,内部確認のみ,過去工程または途中検証のCSV。必要時に履歴として確認する。,current_vs_history_materials_20260525.html,2026/05/20 15:18,1
2026/05/26 14:04,146_trend_hypothesis_cards.csv,CSV,履歴データ,内部確認のみ,過去工程または途中検証のCSV。必要時に履歴として確認する。,current_vs_history_materials_20260525.html,2026/05/20 15:18,5
2026/05/26 14:04,147_trend_evidence_matrix.csv,CSV,履歴データ,内部確認のみ,過去工程または途中検証のCSV。必要時に履歴として確認する。,current_vs_history_materials_20260525.html,2026/05/20 15:18,2
2026/05/26 14:04,148_trend_candidate_test_queue.csv,CSV,履歴データ,内部確認のみ,過去工程または途中検証のCSV。必要時に履歴として確認する。,current_vs_history_materials_20260525.html,2026/05/20 15:18,3
2026/05/26 14:04,149_trend_candidate_price_summary.csv,CSV,履歴データ,内部確認のみ,過去工程または途中検証のCSV。必要時に履歴として確認する。,current_vs_history_materials_20260525.html,2026/05/20 15:27,1
2026/05/26 14:04,15_theme_stock_bridge.csv,CSV,履歴データ,内部確認のみ,過去工程または途中検証のCSV。必要時に履歴として確認する。,current_vs_history_materials_20260525.html,2026/05/18 13:24,3
2026/05/26 14:04,150_trend_candidate_price_metrics.csv,CSV,履歴データ,内部確認のみ,過去工程または途中検証のCSV。必要時に履歴として確認する。,current_vs_history_materials_20260525.html,2026/05/20 15:27,4
2026/05/26 14:04,151_trend_candidate_price_stop_rules.csv,CSV,履歴データ,内部確認のみ,過去工程または途中検証のCSV。必要時に履歴として確認する。,current_vs_history_materials_20260525.html,2026/05/20 15:27,1
2026/05/26 14:04,152_trend_candidate_weekly_prices.csv,CSV,履歴データ,内部確認のみ,過去工程または途中検証のCSV。必要時に履歴として確認する。,current_vs_history_materials_20260525.html,2026/05/20 15:27,46
2026/05/26 14:04,153_trend_candidate_fundamental_summary.csv,CSV,履歴データ,内部確認のみ,過去工程または途中検証のCSV。必要時に履歴として確認する。,current_vs_history_materials_20260525.html,2026/05/20 17:12,1
2026/05/26 14:04,154_trend_candidate_yahoojp_metrics.csv,CSV,履歴データ,内部確認のみ,過去工程または途中検証のCSV。必要時に履歴として確認する。,current_vs_history_materials_20260525.html,2026/05/20 17:12,2
2026/05/26 14:04,155_trend_candidate_fundamental_gate.csv,CSV,履歴データ,内部確認のみ,過去工程または途中検証のCSV。必要時に履歴として確認する。,current_vs_history_materials_20260525.html,2026/05/20 17:12,5
2026/05/26 14:04,156_trend_candidate_ir_review_queue.csv,CSV,履歴データ,内部確認のみ,過去工程または途中検証のCSV。必要時に履歴として確認する。,current_vs_history_materials_20260525.html,2026/05/20 17:12,3
2026/05/26 14:04,157_trend_candidate_official_ir_sources.csv,CSV,履歴データ,内部確認のみ,過去工程または途中検証のCSV。必要時に履歴として確認する。,current_vs_history_materials_20260525.html,2026/05/20 17:39,13
2026/05/26 14:04,158_trend_candidate_official_ir_field_queue.csv,CSV,履歴データ,内部確認のみ,過去工程または途中検証のCSV。必要時に履歴として確認する。,current_vs_history_materials_20260525.html,2026/05/20 17:39,18
2026/05/26 14:04,159_trend_candidate_official_ir_gate.csv,CSV,履歴データ,内部確認のみ,過去工程または途中検証のCSV。必要時に履歴として確認する。,current_vs_history_materials_20260525.html,2026/05/20 17:39,2
2026/05/26 14:04,16_candidate_theme_scoring.csv,CSV,履歴データ,内部確認のみ,過去工程または途中検証のCSV。必要時に履歴として確認する。,current_vs_history_materials_20260525.html,2026/05/18 13:24,3
2026/05/26 14:04,160_trend_candidate_official_ir_summary.csv,CSV,履歴データ,内部確認のみ,過去工程または途中検証のCSV。必要時に履歴として確認する。,current_vs_history_materials_20260525.html,2026/05/20 17:39,0
2026/05/26 14:04,17_event_collection_sources.csv,CSV,履歴データ,内部確認のみ,過去工程または途中検証のCSV。必要時に履歴として確認する。,current_vs_history_materials_20260525.html,2026/05/18 14:07,3
2026/05/26 14:04,18_event_classification_rules.csv,CSV,履歴データ,内部確認のみ,過去工程または途中検証のCSV。必要時に履歴として確認する。,current_vs_history_materials_20260525.html,2026/05/18 14:07,1
2026/05/26 14:04,180_top3_official_pdf_sources.csv,CSV,履歴データ,内部確認のみ,過去工程または途中検証のCSV。必要時に履歴として確認する。,current_vs_history_materials_20260525.html,2026/05/21 10:32,2
2026/05/26 14:04,181_top3_official_metric_candidates.csv,CSV,履歴データ,内部確認のみ,過去工程または途中検証のCSV。必要時に履歴として確認する。,current_vs_history_materials_20260525.html,2026/05/21 10:32,26
2026/05/26 14:04,182_top3_official_intake_summary.csv,CSV,履歴データ,内部確認のみ,過去工程または途中検証のCSV。必要時に履歴として確認する。,current_vs_history_materials_20260525.html,2026/05/21 10:32,0
2026/05/26 14:04,183_top3_official_formal_input_review.csv,CSV,履歴データ,内部確認のみ,過去工程または途中検証のCSV。必要時に履歴として確認する。,current_vs_history_materials_20260525.html,2026/05/21 10:42,7
2026/05/26 14:04,184_top3_official_formal_input_summary.csv,CSV,履歴データ,内部確認のみ,過去工程または途中検証のCSV。必要時に履歴として確認する。,current_vs_history_materials_20260525.html,2026/05/21 10:42,1
2026/05/26 14:04,185_top3_official_score_reflection_preview.csv,CSV,履歴データ,内部確認のみ,過去工程または途中検証のCSV。必要時に履歴として確認する。,current_vs_history_materials_20260525.html,2026/05/21 11:19,1
2026/05/26 14:04,186_top3_official_score_component_detail.csv,CSV,履歴データ,内部確認のみ,過去工程または途中検証のCSV。必要時に履歴として確認する。,current_vs_history_materials_20260525.html,2026/05/21 11:19,2
2026/05/26 14:04,187_tenbagger_score_rules.csv,CSV,履歴データ,内部確認のみ,過去工程または途中検証のCSV。必要時に履歴として確認する。,current_vs_history_materials_20260525.html,2026/05/21 17:41,2
2026/05/26 14:04,188_tenbagger_data_requirements.csv,CSV,履歴データ,内部確認のみ,過去工程または途中検証のCSV。必要時に履歴として確認する。,current_vs_history_materials_20260525.html,2026/05/21 17:41,2
2026/05/26 14:04,189_tenbagger_watchlist_template.csv,CSV,履歴データ,内部確認のみ,過去工程または途中検証のCSV。必要時に履歴として確認する。,current_vs_history_materials_20260525.html,2026/05/21 17:41,0
2026/05/26 14:04,19_event_log_template.csv,CSV,履歴データ,内部確認のみ,過去工程または途中検証のCSV。必要時に履歴として確認する。,current_vs_history_materials_20260525.html,2026/05/18 14:07,0
2026/05/26 14:04,190_tenbagger_warning_rules.csv,CSV,履歴データ,内部確認のみ,過去工程または途中検証のCSV。必要時に履歴として確認する。,current_vs_history_materials_20260525.html,2026/05/21 17:41,1
2026/05/26 14:04,191_tenbagger_valuation_rules.csv,CSV,履歴データ,内部確認のみ,過去工程または途中検証のCSV。必要時に履歴として確認する。,current_vs_history_materials_20260525.html,2026/05/21 17:41,1
2026/05/26 14:04,192_tenbagger_screening_prototype.csv,CSV,履歴データ,内部確認のみ,過去工程または途中検証のCSV。必要時に履歴として確認する。,current_vs_history_materials_20260525.html,2026/05/21 13:12,4
2026/05/26 14:04,193_tenbagger_screening_component_detail.csv,CSV,履歴データ,内部確認のみ,過去工程または途中検証のCSV。必要時に履歴として確認する。,current_vs_history_materials_20260525.html,2026/05/21 13:12,1
2026/05/26 14:04,194_tenbagger_marketcap_intake.csv,CSV,履歴データ,内部確認のみ,過去工程または途中検証のCSV。必要時に履歴として確認する。,current_vs_history_materials_20260525.html,2026/05/21 12:00,2
2026/05/26 14:04,195_tenbagger_marketcap_summary.csv,CSV,履歴データ,内部確認のみ,過去工程または途中検証のCSV。必要時に履歴として確認する。,current_vs_history_materials_20260525.html,2026/05/21 12:00,0
2026/05/26 14:04,196_tenbagger_growth_cagr_intake.csv,CSV,履歴データ,内部確認のみ,過去工程または途中検証のCSV。必要時に履歴として確認する。,current_vs_history_materials_20260525.html,2026/05/21 13:10,3
2026/05/26 14:04,197_tenbagger_growth_cagr_detail.csv,CSV,履歴データ,内部確認のみ,過去工程または途中検証のCSV。必要時に履歴として確認する。,current_vs_history_materials_20260525.html,2026/05/21 13:10,7
2026/05/26 14:04,198_universe100_candidates.csv,CSV,履歴データ,内部確認のみ,過去工程または途中検証のCSV。必要時に履歴として確認する。,current_vs_history_materials_20260525.html,2026/05/21 13:31,19
2026/05/26 14:04,199_universe100_screening.csv,CSV,履歴データ,内部確認のみ,過去工程または途中検証のCSV。必要時に履歴として確認する。,current_vs_history_materials_20260525.html,2026/05/21 13:31,31
2026/05/26 14:04,20_event_score_adjustment.csv,CSV,履歴データ,内部確認のみ,過去工程または途中検証のCSV。必要時に履歴として確認する。,current_vs_history_materials_20260525.html,2026/05/18 14:49,1
2026/05/26 14:04,200_universe100_top10_test_candidates.csv,CSV,履歴データ,内部確認のみ,過去工程または途中検証のCSV。必要時に履歴として確認する。,current_vs_history_materials_20260525.html,2026/05/21 13:31,3
2026/05/26 14:04,201_universe100_summary.csv,CSV,履歴データ,内部確認のみ,過去工程または途中検証のCSV。必要時に履歴として確認する。,current_vs_history_materials_20260525.html,2026/05/21 13:31,0
2026/05/26 14:04,202_alternative_source_status.csv,CSV,履歴データ,内部確認のみ,過去工程または途中検証のCSV。必要時に履歴として確認する。,current_vs_history_materials_20260525.html,2026/05/21 17:39,4
2026/05/26 14:04,203_edinet_code_matches_100.csv,CSV,履歴データ,内部確認のみ,過去工程または途中検証のCSV。必要時に履歴として確認する。,current_vs_history_materials_20260525.html,2026/05/21 17:39,23
2026/05/26 14:04,204_alternative_source_formula_map.csv,CSV,履歴データ,内部確認のみ,過去工程または途中検証のCSV。必要時に履歴として確認する。,current_vs_history_materials_20260525.html,2026/05/21 17:39,1
2026/05/26 14:04,205_official_source_downloaded_files.csv,CSV,履歴データ,内部確認のみ,過去工程または途中検証のCSV。必要時に履歴として確認する。,current_vs_history_materials_20260525.html,2026/05/21 17:39,1
2026/05/26 14:04,206_sec_recent_filings_for_reference.csv,CSV,履歴データ,内部確認のみ,過去工程または途中検証のCSV。必要時に履歴として確認する。,current_vs_history_materials_20260525.html,2026/05/21 17:39,10
2026/05/26 14:04,207_daily_progress_20260521_summary.csv,CSV,履歴データ,内部確認のみ,過去工程または途中検証のCSV。必要時に履歴として確認する。,current_vs_history_materials_20260525.html,2026/05/21 18:16,1
2026/05/26 14:04,208_meaningful_universe_policy.csv,CSV,履歴データ,内部確認のみ,過去工程または途中検証のCSV。必要時に履歴として確認する。,current_vs_history_materials_20260525.html,2026/05/22 12:57,1
2026/05/26 14:04,209_meaningful_universe_v2.csv,CSV,履歴データ,内部確認のみ,過去工程または途中検証のCSV。必要時に履歴として確認する。,current_vs_history_materials_20260525.html,2026/05/22 12:57,33
2026/05/26 14:04,21_official_event_log.csv,CSV,履歴データ,内部確認のみ,過去工程または途中検証のCSV。必要時に履歴として確認する。,current_vs_history_materials_20260525.html,2026/05/18 14:27,10
2026/05/26 14:04,210_meaningful_universe_summary.csv,CSV,履歴データ,内部確認のみ,過去工程または途中検証のCSV。必要時に履歴として確認する。,current_vs_history_materials_20260525.html,2026/05/22 12:57,0
2026/05/26 14:04,211_universe_replenishment_rules.csv,CSV,履歴データ,内部確認のみ,過去工程または途中検証のCSV。必要時に履歴として確認する。,current_vs_history_materials_20260525.html,2026/05/22 12:57,1
2026/05/26 14:04,212_earnings_momentum_universe_rules.csv,CSV,履歴データ,内部確認のみ,過去工程または途中検証のCSV。必要時に履歴として確認する。,current_vs_history_materials_20260525.html,2026/05/22 13:09,2
2026/05/26 14:04,213_earnings_momentum_score_formula.csv,CSV,履歴データ,内部確認のみ,過去工程または途中検証のCSV。必要時に履歴として確認する。,current_vs_history_materials_20260525.html,2026/05/22 13:09,1
2026/05/26 14:04,214_nisa_test_procedure.csv,CSV,履歴データ,内部確認のみ,過去工程または途中検証のCSV。必要時に履歴として確認する。,current_vs_history_materials_20260525.html,2026/05/22 13:09,1
2026/05/26 14:04,215_may_june_execution_schedule.csv,CSV,履歴データ,内部確認のみ,過去工程または途中検証のCSV。必要時に履歴として確認する。,current_vs_history_materials_20260525.html,2026/05/22 13:09,1
2026/05/26 14:04,216_earnings_momentum_feasibility.csv,CSV,履歴データ,内部確認のみ,過去工程または途中検証のCSV。必要時に履歴として確認する。,current_vs_history_materials_20260525.html,2026/05/22 13:09,1
2026/05/26 14:04,217_recent_two_earnings_input_template.csv,CSV,履歴データ,内部確認のみ,過去工程または途中検証のCSV。必要時に履歴として確認する。,current_vs_history_materials_20260525.html,2026/05/22 13:56,26
2026/05/26 14:04,218_earnings_momentum_proxy_score.csv,CSV,履歴データ,内部確認のみ,過去工程または途中検証のCSV。必要時に履歴として確認する。,current_vs_history_materials_20260525.html,2026/05/22 13:56,24
2026/05/26 14:04,219_earnings_momentum_input_progress.csv,CSV,履歴データ,内部確認のみ,過去工程または途中検証のCSV。必要時に履歴として確認する。,current_vs_history_materials_20260525.html,2026/05/22 13:56,1
2026/05/26 14:04,22_event_fetch_log.csv,CSV,履歴データ,内部確認のみ,過去工程または途中検証のCSV。必要時に履歴として確認する。,current_vs_history_materials_20260525.html,2026/05/18 14:27,0
2026/05/26 14:04,220_earnings_momentum_source_queue.csv,CSV,履歴データ,内部確認のみ,過去工程または途中検証のCSV。必要時に履歴として確認する。,current_vs_history_materials_20260525.html,2026/05/22 13:56,26
2026/05/26 14:04,221_a_candidate_official_source_queue.csv,CSV,履歴データ,内部確認のみ,過去工程または途中検証のCSV。必要時に履歴として確認する。,current_vs_history_materials_20260525.html,2026/05/22 14:24,11
2026/05/26 14:04,222_a_candidate_official_field_input_plan.csv,CSV,履歴データ,内部確認のみ,過去工程または途中検証のCSV。必要時に履歴として確認する。,current_vs_history_materials_20260525.html,2026/05/22 14:24,24
2026/05/26 14:04,223_a_candidate_official_source_summary.csv,CSV,履歴データ,内部確認のみ,過去工程または途中検証のCSV。必要時に履歴として確認する。,current_vs_history_materials_20260525.html,2026/05/22 14:24,1
2026/05/26 14:04,224_a_candidate_official_source_http_check.csv,CSV,履歴データ,内部確認のみ,過去工程または途中検証のCSV。必要時に履歴として確認する。,current_vs_history_materials_20260525.html,2026/05/22 14:22,2
2026/05/26 14:04,225_first5_official_two_earnings_input.csv,CSV,履歴データ,内部確認のみ,過去工程または途中検証のCSV。必要時に履歴として確認する。,current_vs_history_materials_20260525.html,2026/05/22 15:07,4
2026/05/26 14:04,226_first5_official_input_summary.csv,CSV,履歴データ,内部確認のみ,過去工程または途中検証のCSV。必要時に履歴として確認する。,current_vs_history_materials_20260525.html,2026/05/22 15:07,0
2026/05/26 14:04,227_first5_official_source_download_status.csv,CSV,履歴データ,内部確認のみ,過去工程または途中検証のCSV。必要時に履歴として確認する。,current_vs_history_materials_20260525.html,2026/05/22 15:07,3
2026/05/26 14:04,228_first5_official_trend_check.csv,CSV,履歴データ,内部確認のみ,過去工程または途中検証のCSV。必要時に履歴として確認する。,current_vs_history_materials_20260525.html,2026/05/22 15:07,1
2026/05/26 14:04,229_first5_test_priority_score.csv,CSV,履歴データ,内部確認のみ,過去工程または途中検証のCSV。必要時に履歴として確認する。,current_vs_history_materials_20260525.html,2026/05/22 15:16,3
2026/05/26 14:04,23_tdnet_recent_event_log.csv,CSV,履歴データ,内部確認のみ,過去工程または途中検証のCSV。必要時に履歴として確認する。,current_vs_history_materials_20260525.html,2026/05/18 14:48,94
2026/05/26 14:04,230_first5_test_priority_formula.csv,CSV,履歴データ,内部確認のみ,過去工程または途中検証のCSV。必要時に履歴として確認する。,current_vs_history_materials_20260525.html,2026/05/22 15:16,1
2026/05/26 14:04,231_top10_official_two_earnings_input.csv,CSV,履歴データ,内部確認のみ,過去工程または途中検証のCSV。必要時に履歴として確認する。,current_vs_history_materials_20260525.html,2026/05/24 12:24,7
2026/05/26 14:04,232_top10_official_trend_check.csv,CSV,履歴データ,内部確認のみ,過去工程または途中検証のCSV。必要時に履歴として確認する。,current_vs_history_materials_20260525.html,2026/05/24 12:24,2
2026/05/26 14:04,233_top10_test_priority_score.csv,CSV,履歴データ,内部確認のみ,過去工程または途中検証のCSV。必要時に履歴として確認する。,current_vs_history_materials_20260525.html,2026/05/24 12:24,3
2026/05/26 14:04,234_top10_official_source_status.csv,CSV,履歴データ,内部確認のみ,過去工程または途中検証のCSV。必要時に履歴として確認する。,current_vs_history_materials_20260525.html,2026/05/24 12:24,3
2026/05/26 14:04,235_top10_test_priority_formula.csv,CSV,履歴データ,内部確認のみ,過去工程または途中検証のCSV。必要時に履歴として確認する。,current_vs_history_materials_20260525.html,2026/05/24 12:24,1
2026/05/26 14:04,236_top10_earnings_reaction_detail.csv,CSV,履歴データ,内部確認のみ,過去工程または途中検証のCSV。必要時に履歴として確認する。,current_vs_history_materials_20260525.html,2026/05/24 12:37,6
2026/05/26 14:04,237_top10_earnings_reaction_summary.csv,CSV,履歴データ,内部確認のみ,過去工程または途中検証のCSV。必要時に履歴として確認する。,current_vs_history_materials_20260525.html,2026/05/24 12:37,2
2026/05/26 14:04,238_top10_earnings_reaction_fetch_errors.csv,CSV,履歴データ,内部確認のみ,過去工程または途中検証のCSV。必要時に履歴として確認する。,current_vs_history_materials_20260525.html,2026/05/24 12:37,0
2026/05/26 14:04,239_top10_reaction_adjusted_score.csv,CSV,履歴データ,内部確認のみ,過去工程または途中検証のCSV。必要時に履歴として確認する。,current_vs_history_materials_20260525.html,2026/05/24 12:47,4
2026/05/26 14:04,24_tdnet_fetch_log.csv,CSV,履歴データ,内部確認のみ,過去工程または途中検証のCSV。必要時に履歴として確認する。,current_vs_history_materials_20260525.html,2026/05/18 14:48,1
2026/05/26 14:04,240_top10_reaction_adjustment_formula.csv,CSV,履歴データ,内部確認のみ,過去工程または途中検証のCSV。必要時に履歴として確認する。,current_vs_history_materials_20260525.html,2026/05/24 12:47,1
2026/05/26 14:04,241_june_test_triage_from_top10.csv,CSV,履歴データ,内部確認のみ,過去工程または途中検証のCSV。必要時に履歴として確認する。,current_vs_history_materials_20260525.html,2026/05/24 16:18,6
2026/05/26 14:04,242_june_prebuy_checklist_by_ticker.csv,CSV,履歴データ,内部確認のみ,過去工程または途中検証のCSV。必要時に履歴として確認する。,current_vs_history_materials_20260525.html,2026/05/24 16:18,5
2026/05/26 14:04,243_june_test_triage_from_top20.csv,CSV,履歴データ,内部確認のみ,過去工程または途中検証のCSV。必要時に履歴として確認する。,current_vs_history_materials_20260525.html,2026/05/24 22:14,13
2026/05/26 14:04,244_june_test_triage_from_top20_summary.csv,CSV,履歴データ,内部確認のみ,過去工程または途中検証のCSV。必要時に履歴として確認する。,current_vs_history_materials_20260525.html,2026/05/24 22:14,1
2026/05/26 14:04,25_candidate_event_watch_summary.csv,CSV,履歴データ,内部確認のみ,過去工程または途中検証のCSV。必要時に履歴として確認する。,current_vs_history_materials_20260525.html,2026/05/18 14:51,1
2026/05/26 14:04,26_candidate_event_watch_detail.csv,CSV,履歴データ,内部確認のみ,過去工程または途中検証のCSV。必要時に履歴として確認する。,current_vs_history_materials_20260525.html,2026/05/18 14:51,1
2026/05/26 14:04,27_market_event_watch.csv,CSV,履歴データ,内部確認のみ,過去工程または途中検証のCSV。必要時に履歴として確認する。,current_vs_history_materials_20260525.html,2026/05/18 14:51,16
2026/05/26 14:04,28_candidate_event_review.csv,CSV,履歴データ,内部確認のみ,過去工程または途中検証のCSV。必要時に履歴として確認する。,current_vs_history_materials_20260525.html,2026/05/18 15:07,2
2026/05/26 14:04,29_reviewed_event_score.csv,CSV,履歴データ,内部確認のみ,過去工程または途中検証のCSV。必要時に履歴として確認する。,current_vs_history_materials_20260525.html,2026/05/18 15:07,2
2026/05/26 14:04,30_june_test_candidate_ranking.csv,CSV,履歴データ,内部確認のみ,過去工程または途中検証のCSV。必要時に履歴として確認する。,current_vs_history_materials_20260525.html,2026/05/18 16:54,3
2026/05/26 14:04,31_additional_public_data_status.csv,CSV,履歴データ,内部確認のみ,過去工程または途中検証のCSV。必要時に履歴として確認する。,current_vs_history_materials_20260525.html,2026/05/19 17:44,5
2026/05/26 14:04,32_sec_edgar_recent_filings.csv,CSV,履歴データ,内部確認のみ,過去工程または途中検証のCSV。必要時に履歴として確認する。,current_vs_history_materials_20260525.html,2026/05/19 17:44,11
2026/05/26 14:04,33_edinet_recent_documents.csv,CSV,履歴データ,内部確認のみ,過去工程または途中検証のCSV。必要時に履歴として確認する。,current_vs_history_materials_20260525.html,2026/05/19 17:44,0
2026/05/26 14:04,34_policy_event_calendar.csv,CSV,履歴データ,内部確認のみ,過去工程または途中検証のCSV。必要時に履歴として確認する。,current_vs_history_materials_20260525.html,2026/05/19 17:44,4
2026/05/26 14:04,35_nasdaq_ipo_status.csv,CSV,履歴データ,内部確認のみ,過去工程または途中検証のCSV。必要時に履歴として確認する。,current_vs_history_materials_20260525.html,2026/05/19 17:44,0
2026/05/26 14:04,36_industry_stats_sources.csv,CSV,履歴データ,内部確認のみ,過去工程または途中検証のCSV。必要時に履歴として確認する。,current_vs_history_materials_20260525.html,2026/05/19 17:44,1
2026/05/26 14:04,37_event_return_detail.csv,CSV,履歴データ,内部確認のみ,過去工程または途中検証のCSV。必要時に履歴として確認する。,current_vs_history_materials_20260525.html,2026/05/18 16:44,36
2026/05/26 14:04,38_event_return_summary.csv,CSV,履歴データ,内部確認のみ,過去工程または途中検証のCSV。必要時に履歴として確認する。,current_vs_history_materials_20260525.html,2026/05/18 16:44,1
2026/05/26 14:04,39_tdnet_action_classification.csv,CSV,履歴データ,内部確認のみ,過去工程または途中検証のCSV。必要時に履歴として確認する。,current_vs_history_materials_20260525.html,2026/05/18 17:16,53
2026/05/26 14:04,40_candidate_action_summary.csv,CSV,履歴データ,内部確認のみ,過去工程または途中検証のCSV。必要時に履歴として確認する。,current_vs_history_materials_20260525.html,2026/05/18 17:16,1
2026/05/26 14:04,41_tdnet_adjusted_ranking.csv,CSV,履歴データ,内部確認のみ,過去工程または途中検証のCSV。必要時に履歴として確認する。,current_vs_history_materials_20260525.html,2026/05/18 17:24,1
2026/05/26 14:04,42_event_condition_summary.csv,CSV,履歴データ,内部確認のみ,過去工程または途中検証のCSV。必要時に履歴として確認する。,current_vs_history_materials_20260525.html,2026/05/18 17:24,0
2026/05/26 14:04,43_weak_event_warnings.csv,CSV,履歴データ,内部確認のみ,過去工程または途中検証のCSV。必要時に履歴として確認する。,current_vs_history_materials_20260525.html,2026/05/18 17:24,1
2026/05/26 14:04,44_pre_buy_checklist_auto.csv,CSV,履歴データ,内部確認のみ,過去工程または途中検証のCSV。必要時に履歴として確認する。,current_vs_history_materials_20260525.html,2026/05/18 17:24,0
2026/05/26 14:04,45_missing_data_dashboard.csv,CSV,履歴データ,内部確認のみ,過去工程または途中検証のCSV。必要時に履歴として確認する。,current_vs_history_materials_20260525.html,2026/05/18 17:24,2
2026/05/26 14:04,46_fetch_failure_retry_log.csv,CSV,履歴データ,内部確認のみ,過去工程または途中検証のCSV。必要時に履歴として確認する。,current_vs_history_materials_20260525.html,2026/05/18 17:24,1
2026/05/26 14:04,47_next_data_verification_queue.csv,CSV,履歴データ,内部確認のみ,過去工程または途中検証のCSV。必要時に履歴として確認する。,current_vs_history_materials_20260525.html,2026/05/18 17:30,1
2026/05/26 14:04,48_tdnet_pdf_download_test.csv,CSV,履歴データ,内部確認のみ,過去工程または途中検証のCSV。必要時に履歴として確認する。,current_vs_history_materials_20260525.html,2026/05/18 17:30,1
2026/05/26 14:04,49_pdf_text_extraction_test.csv,CSV,履歴データ,内部確認のみ,過去工程または途中検証のCSV。必要時に履歴として確認する。,current_vs_history_materials_20260525.html,2026/05/19 12:54,1
2026/05/26 14:04,50_edinet_code_list_status.csv,CSV,履歴データ,内部確認のみ,過去工程または途中検証のCSV。必要時に履歴として確認する。,current_vs_history_materials_20260525.html,2026/05/26 08:32,0
2026/05/26 14:04,51_candidate_edinet_codes.csv,CSV,履歴データ,内部確認のみ,過去工程または途中検証のCSV。必要時に履歴として確認する。,current_vs_history_materials_20260525.html,2026/05/26 08:32,2
2026/05/26 14:04,52_candidate_edinet_documents_status.csv,CSV,履歴データ,内部確認のみ,過去工程または途中検証のCSV。必要時に履歴として確認する。,current_vs_history_materials_20260525.html,2026/05/26 08:32,0
2026/05/26 14:04,53_pdf_numeric_candidate_detail.csv,CSV,履歴データ,内部確認のみ,過去工程または途中検証のCSV。必要時に履歴として確認する。,current_vs_history_materials_20260525.html,2026/05/19 13:06,26
2026/05/26 14:04,54_pdf_numeric_candidate_summary.csv,CSV,履歴データ,内部確認のみ,過去工程または途中検証のCSV。必要時に履歴として確認する。,current_vs_history_materials_20260525.html,2026/05/19 13:06,1
2026/05/26 14:04,55_pdf_structured_metric_candidates.csv,CSV,履歴データ,内部確認のみ,過去工程または途中検証のCSV。必要時に履歴として確認する。,current_vs_history_materials_20260525.html,2026/05/19 13:30,4
2026/05/26 14:04,56_pdf_metric_score_bridge.csv,CSV,履歴データ,内部確認のみ,過去工程または途中検証のCSV。必要時に履歴として確認する。,current_vs_history_materials_20260525.html,2026/05/19 14:13,1
2026/05/26 14:04,57_candidate_ir_pdf_text_extraction.csv,CSV,履歴データ,内部確認のみ,過去工程または途中検証のCSV。必要時に履歴として確認する。,current_vs_history_materials_20260525.html,2026/05/19 15:39,4
2026/05/26 14:04,58_candidate_ir_pdf_numeric_detail.csv,CSV,履歴データ,内部確認のみ,過去工程または途中検証のCSV。必要時に履歴として確認する。,current_vs_history_materials_20260525.html,2026/05/19 15:45,261
2026/05/26 14:04,59_candidate_ir_pdf_numeric_summary.csv,CSV,履歴データ,内部確認のみ,過去工程または途中検証のCSV。必要時に履歴として確認する。,current_vs_history_materials_20260525.html,2026/05/19 15:45,8
2026/05/26 14:04,60_candidate_ir_pdf_structured_metrics.csv,CSV,履歴データ,内部確認のみ,過去工程または途中検証のCSV。必要時に履歴として確認する。,current_vs_history_materials_20260525.html,2026/05/19 15:52,11
2026/05/26 14:04,61_candidate_ir_pdf_metric_coverage.csv,CSV,履歴データ,内部確認のみ,過去工程または途中検証のCSV。必要時に履歴として確認する。,current_vs_history_materials_20260525.html,2026/05/19 15:52,1
2026/05/26 14:04,62_candidate_ir_pdf_score_input_bridge.csv,CSV,履歴データ,内部確認のみ,過去工程または途中検証のCSV。必要時に履歴として確認する。,current_vs_history_materials_20260525.html,2026/05/19 16:23,2
2026/05/26 14:04,63_candidate_ir_pdf_official_input_queue.csv,CSV,履歴データ,内部確認のみ,過去工程または途中検証のCSV。必要時に履歴として確認する。,current_vs_history_materials_20260525.html,2026/05/19 16:31,16
2026/05/26 14:04,64_candidate_ir_pdf_official_input_summary.csv,CSV,履歴データ,内部確認のみ,過去工程または途中検証のCSV。必要時に履歴として確認する。,current_vs_history_materials_20260525.html,2026/05/19 16:31,1
2026/05/26 14:04,65_candidate_ir_pdf_official_input_table.csv,CSV,履歴データ,内部確認のみ,過去工程または途中検証のCSV。必要時に履歴として確認する。,current_vs_history_materials_20260525.html,2026/05/19 17:08,13
2026/05/26 14:04,66_candidate_ir_pdf_official_input_table_summary.csv,CSV,履歴データ,内部確認のみ,過去工程または途中検証のCSV。必要時に履歴として確認する。,current_vs_history_materials_20260525.html,2026/05/19 17:08,0
2026/05/26 14:04,67_candidate_ir_pdf_input_calculation_check.csv,CSV,履歴データ,内部確認のみ,過去工程または途中検証のCSV。必要時に履歴として確認する。,current_vs_history_materials_20260525.html,2026/05/19 17:17,10
2026/05/26 14:04,68_candidate_ir_pdf_input_calculation_summary.csv,CSV,履歴データ,内部確認のみ,過去工程または途中検証のCSV。必要時に履歴として確認する。,current_vs_history_materials_20260525.html,2026/05/19 17:17,1
2026/05/26 14:04,69_candidate_ir_pdf_score_reflection_gate.csv,CSV,履歴データ,内部確認のみ,過去工程または途中検証のCSV。必要時に履歴として確認する。,current_vs_history_materials_20260525.html,2026/05/19 17:21,9
2026/05/26 14:04,70_candidate_ir_pdf_score_reflection_summary.csv,CSV,履歴データ,内部確認のみ,過去工程または途中検証のCSV。必要時に履歴として確認する。,current_vs_history_materials_20260525.html,2026/05/19 17:21,1
2026/05/26 14:04,71_candidate_ir_pdf_gate_demo_detail.csv,CSV,履歴データ,内部確認のみ,過去工程または途中検証のCSV。必要時に履歴として確認する。,current_vs_history_materials_20260525.html,2026/05/19 17:27,9
2026/05/26 14:04,72_candidate_ir_pdf_gate_demo_summary.csv,CSV,履歴データ,内部確認のみ,過去工程または途中検証のCSV。必要時に履歴として確認する。,current_vs_history_materials_20260525.html,2026/05/19 17:27,1
2026/05/26 14:04,73_candidate_ir_pdf_pipeline_dashboard.csv,CSV,履歴データ,内部確認のみ,過去工程または途中検証のCSV。必要時に履歴として確認する。,current_vs_history_materials_20260525.html,2026/05/19 17:31,3
2026/05/26 14:04,74_candidate_ir_pdf_pipeline_status.csv,CSV,履歴データ,内部確認のみ,過去工程または途中検証のCSV。必要時に履歴として確認する。,current_vs_history_materials_20260525.html,2026/05/19 17:31,0
2026/05/26 14:04,75_industry_public_source_status.csv,CSV,履歴データ,内部確認のみ,過去工程または途中検証のCSV。必要時に履歴として確認する。,current_vs_history_materials_20260525.html,2026/05/19 17:46,1
2026/05/26 14:04,76_industry_public_file_downloads.csv,CSV,履歴データ,内部確認のみ,過去工程または途中検証のCSV。必要時に履歴として確認する。,current_vs_history_materials_20260525.html,2026/05/19 17:46,5
2026/05/26 14:04,77_meti_iip_monthly_selected.csv,CSV,履歴データ,内部確認のみ,過去工程または途中検証のCSV。必要時に履歴として確認する。,current_vs_history_materials_20260525.html,2026/05/20 00:30,349
2026/05/26 14:04,78_meti_iip_latest_summary.csv,CSV,履歴データ,内部確認のみ,過去工程または途中検証のCSV。必要時に履歴として確認する。,current_vs_history_materials_20260525.html,2026/05/20 00:30,3
2026/05/26 14:04,79_occto_daily_power_summary.csv,CSV,履歴データ,内部確認のみ,過去工程または途中検証のCSV。必要時に履歴として確認する。,current_vs_history_materials_20260525.html,2026/05/20 00:30,2
2026/05/26 14:04,80_occto_area_power_summary.csv,CSV,履歴データ,内部確認のみ,過去工程または途中検証のCSV。必要時に履歴として確認する。,current_vs_history_materials_20260525.html,2026/05/20 00:30,1
2026/05/26 14:04,81_industry_pdf_text_extract.csv,CSV,履歴データ,内部確認のみ,過去工程または途中検証のCSV。必要時に履歴として確認する。,current_vs_history_materials_20260525.html,2026/05/20 00:30,2
2026/05/26 14:04,82_jada_auto_sales_monthly.csv,CSV,履歴データ,内部確認のみ,過去工程または途中検証のCSV。必要時に履歴として確認する。,current_vs_history_materials_20260525.html,2026/05/20 00:30,10
2026/05/26 14:04,83_stock_monthly_returns.csv,CSV,履歴データ,内部確認のみ,過去工程または途中検証のCSV。必要時に履歴として確認する。,current_vs_history_materials_20260525.html,2026/05/20 01:43,62
2026/05/26 14:04,84_industry_stock_link_map.csv,CSV,履歴データ,内部確認のみ,過去工程または途中検証のCSV。必要時に履歴として確認する。,current_vs_history_materials_20260525.html,2026/05/20 01:43,2
2026/05/26 14:04,85_industry_stock_relation_detail.csv,CSV,履歴データ,内部確認のみ,過去工程または途中検証のCSV。必要時に履歴として確認する。,current_vs_history_materials_20260525.html,2026/05/20 01:43,96
2026/05/26 14:04,86_industry_stock_correlation.csv,CSV,履歴データ,内部確認のみ,過去工程または途中検証のCSV。必要時に履歴として確認する。,current_vs_history_materials_20260525.html,2026/05/20 01:43,2
2026/05/26 14:04,87_industry_stock_signal.csv,CSV,履歴データ,内部確認のみ,過去工程または途中検証のCSV。必要時に履歴として確認する。,current_vs_history_materials_20260525.html,2026/05/20 01:43,3
2026/05/26 14:04,88_industry_stock_fetch_errors.csv,CSV,履歴データ,内部確認のみ,過去工程または途中検証のCSV。必要時に履歴として確認する。,current_vs_history_materials_20260525.html,2026/05/20 01:43,0
2026/05/26 14:04,89_market_monthly_returns.csv,CSV,履歴データ,内部確認のみ,過去工程または途中検証のCSV。必要時に履歴として確認する。,current_vs_history_materials_20260525.html,2026/05/20 02:25,35
2026/05/26 14:04,90_composite_condition_detail.csv,CSV,履歴データ,内部確認のみ,過去工程または途中検証のCSV。必要時に履歴として確認する。,current_vs_history_materials_20260525.html,2026/05/20 02:25,162
2026/05/26 14:04,91_composite_condition_summary.csv,CSV,履歴データ,内部確認のみ,過去工程または途中検証のCSV。必要時に履歴として確認する。,current_vs_history_materials_20260525.html,2026/05/20 02:25,17
2026/05/26 14:04,92_composite_condition_signal.csv,CSV,履歴データ,内部確認のみ,過去工程または途中検証のCSV。必要時に履歴として確認する。,current_vs_history_materials_20260525.html,2026/05/20 02:25,5
2026/05/26 14:04,93_composite_condition_fetch_errors.csv,CSV,履歴データ,内部確認のみ,過去工程または途中検証のCSV。必要時に履歴として確認する。,current_vs_history_materials_20260525.html,2026/05/20 02:25,0
2026/05/26 14:04,94_composite_score_bridge.csv,CSV,履歴データ,内部確認のみ,過去工程または途中検証のCSV。必要時に履歴として確認する。,current_vs_history_materials_20260525.html,2026/05/20 02:27,4
2026/05/26 14:04,95_nisa_composite_reference_score.csv,CSV,履歴データ,内部確認のみ,過去工程または途中検証のCSV。必要時に履歴として確認する。,current_vs_history_materials_20260525.html,2026/05/20 02:27,2
2026/05/26 14:04,96_composite_score_bridge_rules.csv,CSV,履歴データ,内部確認のみ,過去工程または途中検証のCSV。必要時に履歴として確認する。,current_vs_history_materials_20260525.html,2026/05/20 02:27,1
2026/05/26 14:04,97_june_test_composite_decision.csv,CSV,履歴データ,内部確認のみ,過去工程または途中検証のCSV。必要時に履歴として確認する。,current_vs_history_materials_20260525.html,2026/05/20 08:29,4
2026/05/26 14:04,98_june_test_action_plan.csv,CSV,履歴データ,内部確認のみ,過去工程または途中検証のCSV。必要時に履歴として確認する。,current_vs_history_materials_20260525.html,2026/05/20 08:29,1
2026/05/26 14:04,99_june_prebuy_gate.csv,CSV,履歴データ,内部確認のみ,過去工程または途中検証のCSV。必要時に履歴として確認する。,current_vs_history_materials_20260525.html,2026/05/20 08:35,4
2026/05/26 14:04,a_candidate_official_source_queue.html,HTML,履歴資料,履歴参照のみ,現行導線に明示されていないHTML。必要時は台帳から位置づけを確認する。,current_vs_history_materials_20260525.html,2026/05/22 14:24,11
2026/05/26 14:04,a_candidate_official_source_queue.pdf,PDF,履歴資料,履歴参照のみ,PDFは作成時点の固定資料。現行方針は最新HTMLと台帳で確認する。,current_vs_history_materials_20260525.html,2026/05/22 14:24,254
2026/05/26 14:04,additional_public_data.html,HTML,履歴資料,履歴参照のみ,現行導線に明示されていないHTML。必要時は台帳から位置づけを確認する。,current_vs_history_materials_20260525.html,2026/05/19 17:44,35
2026/05/26 14:04,alternative_source_intake.html,HTML,履歴資料,履歴参照のみ,代替データ取得の途中確認資料。,data_sources_view.html,2026/05/21 17:39,39
2026/05/26 14:04,alternative_source_intake.pdf,PDF,履歴資料,履歴参照のみ,代替データ取得の途中確認資料。,data_sources_view.html,2026/05/21 17:40,643
2026/05/26 14:04,benchmark_review_dashboard.html,HTML,履歴資料,履歴参照のみ,現行導線に明示されていないHTML。必要時は台帳から位置づけを確認する。,current_vs_history_materials_20260525.html,2026/05/20 11:54,14
2026/05/26 14:04,candidate_discovery_funnel.html,HTML,履歴資料,履歴参照のみ,現行導線に明示されていないHTML。必要時は台帳から位置づけを確認する。,current_vs_history_materials_20260525.html,2026/05/20 14:57,13
2026/05/26 14:04,candidate_edinet_documents_status.html,HTML,履歴資料,履歴参照のみ,現行導線に明示されていないHTML。必要時は台帳から位置づけを確認する。,current_vs_history_materials_20260525.html,2026/05/26 08:32,2
2026/05/26 14:04,candidate_event_review.html,HTML,履歴資料,履歴参照のみ,現行導線に明示されていないHTML。必要時は台帳から位置づけを確認する。,current_vs_history_materials_20260525.html,2026/05/18 15:07,5
2026/05/26 14:04,candidate_event_watch.html,HTML,履歴資料,履歴参照のみ,現行導線に明示されていないHTML。必要時は台帳から位置づけを確認する。,current_vs_history_materials_20260525.html,2026/05/18 14:51,33
2026/05/26 14:04,candidate_ir_pdf_gate_demo.html,HTML,履歴資料,履歴参照のみ,PDF読解実験の履歴。正式な自動読解完成品ではない。,data_acquisition_completion_dashboard.html,2026/05/19 17:27,19
2026/05/26 14:04,candidate_ir_pdf_input_calculation_check.html,HTML,履歴資料,履歴参照のみ,PDF読解実験の履歴。正式な自動読解完成品ではない。,data_acquisition_completion_dashboard.html,2026/05/19 17:17,23
2026/05/26 14:04,candidate_ir_pdf_numeric_candidates.html,HTML,履歴資料,履歴参照のみ,PDF読解実験の履歴。正式な自動読解完成品ではない。,data_acquisition_completion_dashboard.html,2026/05/19 15:45,126
2026/05/26 14:04,candidate_ir_pdf_official_input_queue.html,HTML,履歴資料,履歴参照のみ,PDF読解実験の履歴。正式な自動読解完成品ではない。,data_acquisition_completion_dashboard.html,2026/05/19 16:31,29
2026/05/26 14:04,candidate_ir_pdf_official_input_table.html,HTML,履歴資料,履歴参照のみ,PDF読解実験の履歴。正式な自動読解完成品ではない。,data_acquisition_completion_dashboard.html,2026/05/19 17:08,30
2026/05/26 14:04,candidate_ir_pdf_pipeline_dashboard.html,HTML,履歴資料,履歴参照のみ,PDF読解実験の履歴。正式な自動読解完成品ではない。,data_acquisition_completion_dashboard.html,2026/05/19 17:31,11
2026/05/26 14:04,candidate_ir_pdf_score_input_bridge.html,HTML,履歴資料,履歴参照のみ,PDF読解実験の履歴。正式な自動読解完成品ではない。,data_acquisition_completion_dashboard.html,2026/05/19 16:23,7
2026/05/26 14:04,candidate_ir_pdf_score_reflection_gate.html,HTML,履歴資料,履歴参照のみ,PDF読解実験の履歴。正式な自動読解完成品ではない。,data_acquisition_completion_dashboard.html,2026/05/19 17:21,23
2026/05/26 14:04,candidate_ir_pdf_structured_metrics.html,HTML,履歴資料,履歴参照のみ,PDF読解実験の履歴。正式な自動読解完成品ではない。,data_acquisition_completion_dashboard.html,2026/05/19 15:52,24
2026/05/26 14:04,candidate_ir_pdf_text_extraction.html,HTML,履歴資料,履歴参照のみ,PDF読解実験の履歴。正式な自動読解完成品ではない。,data_acquisition_completion_dashboard.html,2026/05/19 15:39,7
2026/05/26 14:04,capital_allocation_plan.html,HTML,履歴資料,履歴参照のみ,現行導線に明示されていないHTML。必要時は台帳から位置づけを確認する。,current_vs_history_materials_20260525.html,2026/05/20 10:51,8
2026/05/26 14:04,client_handoff_guide.pdf,PDF,履歴資料,履歴参照のみ,PDFは作成時点で固定されるため、最新説明はHTML台帳で確認する。,client_handoff_guide.html,2026/05/20 17:42,324
2026/05/26 14:04,composite_condition_analysis.html,HTML,履歴資料,履歴参照のみ,現行導線に明示されていないHTML。必要時は台帳から位置づけを確認する。,current_vs_history_materials_20260525.html,2026/05/20 02:25,80
2026/05/26 14:04,composite_score_bridge.html,HTML,履歴資料,履歴参照のみ,現行導線に明示されていないHTML。必要時は台帳から位置づけを確認する。,current_vs_history_materials_20260525.html,2026/05/20 02:27,7
2026/05/26 14:04,daily_progress_report_20260518_v2.html,HTML,要注意履歴,単独提示不可,日次報告の履歴。作成時点の表現を含むため、現行方針として単独提示しない。,issue_recovery_board_20260525.html,2026/05/18 18:00,13
2026/05/26 14:04,daily_progress_report_20260518_v2.pdf,PDF,要注意履歴,単独提示不可,日次報告の履歴。作成時点の表現を含むため、現行方針として単独提示しない。,issue_recovery_board_20260525.html,2026/05/18 18:00,278
2026/05/26 14:04,daily_progress_report_20260518_v3.html,HTML,要注意履歴,単独提示不可,日次報告の履歴。作成時点の表現を含むため、現行方針として単独提示しない。,issue_recovery_board_20260525.html,2026/05/18 18:06,14
2026/05/26 14:04,daily_progress_report_20260518_v3.pdf,PDF,要注意履歴,単独提示不可,日次報告の履歴。作成時点の表現を含むため、現行方針として単独提示しない。,issue_recovery_board_20260525.html,2026/05/18 18:06,289
2026/05/26 14:04,daily_progress_report_20260518_v4.html,HTML,要注意履歴,単独提示不可,日次報告の履歴。作成時点の表現を含むため、現行方針として単独提示しない。,issue_recovery_board_20260525.html,2026/05/18 18:15,14
2026/05/26 14:04,daily_progress_report_20260518_v4.pdf,PDF,要注意履歴,単独提示不可,日次報告の履歴。作成時点の表現を含むため、現行方針として単独提示しない。,issue_recovery_board_20260525.html,2026/05/18 18:15,287
2026/05/26 14:04,daily_progress_report_20260518_v5.html,HTML,要注意履歴,単独提示不可,日次報告の履歴。作成時点の表現を含むため、現行方針として単独提示しない。,issue_recovery_board_20260525.html,2026/05/18 18:16,14
2026/05/26 14:04,daily_progress_report_20260518_v5.pdf,PDF,要注意履歴,単独提示不可,日次報告の履歴。作成時点の表現を含むため、現行方針として単独提示しない。,issue_recovery_board_20260525.html,2026/05/18 18:16,290
2026/05/26 14:04,daily_progress_report_20260518_v6.html,HTML,要注意履歴,単独提示不可,日次報告の履歴。作成時点の表現を含むため、現行方針として単独提示しない。,issue_recovery_board_20260525.html,2026/05/18 18:18,12
2026/05/26 14:04,daily_progress_report_20260518_v6.pdf,PDF,要注意履歴,単独提示不可,日次報告の履歴。作成時点の表現を含むため、現行方針として単独提示しない。,issue_recovery_board_20260525.html,2026/05/18 18:18,259
2026/05/26 14:04,daily_progress_report_20260518_v7.html,HTML,要注意履歴,単独提示不可,日次報告の履歴。作成時点の表現を含むため、現行方針として単独提示しない。,issue_recovery_board_20260525.html,2026/05/18 18:26,12
2026/05/26 14:04,daily_progress_report_20260518_v7.pdf,PDF,要注意履歴,単独提示不可,日次報告の履歴。作成時点の表現を含むため、現行方針として単独提示しない。,issue_recovery_board_20260525.html,2026/05/18 18:26,258
2026/05/26 14:04,daily_progress_report_20260518.html,HTML,要注意履歴,単独提示不可,日次報告の履歴。作成時点の表現を含むため、現行方針として単独提示しない。,issue_recovery_board_20260525.html,2026/05/18 18:26,12
2026/05/26 14:04,daily_progress_report_20260518.pdf,PDF,要注意履歴,単独提示不可,日次報告の履歴。作成時点の表現を含むため、現行方針として単独提示しない。,issue_recovery_board_20260525.html,2026/05/18 18:26,258
2026/05/26 14:04,daily_progress_report_20260520_business.html,HTML,要注意履歴,単独提示不可,日次報告の履歴。作成時点の表現を含むため、現行方針として単独提示しない。,issue_recovery_board_20260525.html,2026/05/20 18:29,12
2026/05/26 14:04,daily_progress_report_20260520_business.pdf,PDF,要注意履歴,単独提示不可,日次報告の履歴。作成時点の表現を含むため、現行方針として単独提示しない。,issue_recovery_board_20260525.html,2026/05/20 18:30,305
2026/05/26 14:04,daily_progress_report_20260520_revised.pdf,PDF,要注意履歴,単独提示不可,日次報告の履歴。作成時点の表現を含むため、現行方針として単独提示しない。,issue_recovery_board_20260525.html,2026/05/20 18:25,336
2026/05/26 14:04,daily_progress_report_20260520.html,HTML,要注意履歴,単独提示不可,日次報告の履歴。作成時点の表現を含むため、現行方針として単独提示しない。,issue_recovery_board_20260525.html,2026/05/20 18:26,14
2026/05/26 14:04,daily_progress_report_20260520.pdf,PDF,要注意履歴,単独提示不可,日次報告の履歴。作成時点の表現を含むため、現行方針として単独提示しない。,issue_recovery_board_20260525.html,2026/05/20 18:26,336
2026/05/26 14:04,daily_progress_report_20260521.html,HTML,要注意履歴,単独提示不可,日次報告の履歴。作成時点の表現を含むため、現行方針として単独提示しない。,issue_recovery_board_20260525.html,2026/05/21 18:16,15
2026/05/26 14:04,daily_progress_report_20260521.pdf,PDF,要注意履歴,単独提示不可,日次報告の履歴。作成時点の表現を含むため、現行方針として単独提示しない。,issue_recovery_board_20260525.html,2026/05/21 18:16,302
2026/05/26 14:04,daily_progress_report_20260525.html,HTML,要注意履歴,単独提示不可,日次報告の履歴。作成時点の表現を含むため、現行方針として単独提示しない。,issue_recovery_board_20260525.html,2026/05/25 17:53,13
2026/05/26 14:04,daily_progress_report_20260525.pdf,PDF,要注意履歴,単独提示不可,日次報告の履歴。作成時点の表現を含むため、現行方針として単独提示しない。,issue_recovery_board_20260525.html,2026/05/25 17:53,334
2026/05/26 14:04,data_acquisition_report.html,HTML,履歴資料,履歴参照のみ,現行導線に明示されていないHTML。必要時は台帳から位置づけを確認する。,current_vs_history_materials_20260525.html,2026/05/15 12:40,15
2026/05/26 14:04,data_acquisition_report.pdf,PDF,履歴資料,履歴参照のみ,PDFは作成時点の固定資料。現行方針は最新HTMLと台帳で確認する。,current_vs_history_materials_20260525.html,2026/05/15 12:41,314
2026/05/26 14:04,data_gap_status_report_20260519.csv,CSV,履歴データ,内部確認のみ,過去工程または途中検証のCSV。必要時に履歴として確認する。,current_vs_history_materials_20260525.html,2026/05/19 17:36,5
2026/05/26 14:04,data_gap_status_report_20260519.html,HTML,履歴資料,履歴参照のみ,現行導線に明示されていないHTML。必要時は台帳から位置づけを確認する。,current_vs_history_materials_20260525.html,2026/05/19 17:36,15
2026/05/26 14:04,data_gap_status_report_20260519.pdf,PDF,履歴資料,履歴参照のみ,PDFは作成時点の固定資料。現行方針は最新HTMLと台帳で確認する。,current_vs_history_materials_20260525.html,2026/05/19 17:36,329
2026/05/26 14:04,development_plan.html,HTML,要注意履歴,単独提示不可,初期の開発計画資料。現行の課題回収フローと異なる可能性がある。,issue_resolution_flowchart_20260525.html,2026/05/14 17:14,27
2026/05/26 14:04,development_plan.pdf,PDF,要注意履歴,単独提示不可,初期の開発計画資料。現行の課題回収フローと異なる可能性がある。,issue_resolution_flowchart_20260525.html,2026/05/14 17:13,602
2026/05/26 14:04,earnings_momentum_input_sheet.html,HTML,履歴資料,履歴参照のみ,現行導線に明示されていないHTML。必要時は台帳から位置づけを確認する。,current_vs_history_materials_20260525.html,2026/05/22 13:56,12
2026/05/26 14:04,earnings_momentum_input_sheet.pdf,PDF,履歴資料,履歴参照のみ,PDFは作成時点の固定資料。現行方針は最新HTMLと台帳で確認する。,current_vs_history_materials_20260525.html,2026/05/22 13:56,279
2026/05/26 14:04,earnings_momentum_nisa_test_design.html,HTML,履歴資料,履歴参照のみ,現行導線に明示されていないHTML。必要時は台帳から位置づけを確認する。,current_vs_history_materials_20260525.html,2026/05/22 13:09,15
2026/05/26 14:04,earnings_momentum_nisa_test_design.pdf,PDF,履歴資料,履歴参照のみ,PDFは作成時点の固定資料。現行方針は最新HTMLと台帳で確認する。,current_vs_history_materials_20260525.html,2026/05/22 13:10,314
2026/05/26 14:04,edinet_code_list_status.html,HTML,履歴資料,履歴参照のみ,現行導線に明示されていないHTML。必要時は台帳から位置づけを確認する。,current_vs_history_materials_20260525.html,2026/05/26 08:32,5
2026/05/26 14:04,event_calendar_template.csv,CSV,履歴データ,内部確認のみ,過去工程または途中検証のCSV。必要時に履歴として確認する。,current_vs_history_materials_20260525.html,2026/05/17 16:33,1
2026/05/26 14:04,event_collection_hub.html,HTML,履歴資料,履歴参照のみ,現行導線に明示されていないHTML。必要時は台帳から位置づけを確認する。,current_vs_history_materials_20260525.html,2026/05/18 14:07,13
2026/05/26 14:04,event_decision_record_viewer.html,HTML,履歴資料,履歴参照のみ,現行導線に明示されていないHTML。必要時は台帳から位置づけを確認する。,current_vs_history_materials_20260525.html,2026/05/20 11:32,9
2026/05/26 14:04,event_need_analysis_prototype.csv,CSV,要注意履歴,単独提示不可,初期プロトタイプ。現行の因果・複合条件ゲートに置き換える。,event_causality_validation_20260525.html,2026/05/17 14:36,4
2026/05/26 14:04,event_need_analysis_prototype.html,HTML,要注意履歴,単独提示不可,初期プロトタイプ。現行の因果・複合条件ゲートに置き換える。,event_causality_validation_20260525.html,2026/05/17 14:36,11
2026/05/26 14:04,event_need_analysis_prototype.pdf,PDF,要注意履歴,単独提示不可,初期プロトタイプ。現行の因果・複合条件ゲートに置き換える。,event_causality_validation_20260525.html,2026/05/17 14:36,498
2026/05/26 14:04,event_return_adjustment_spec.html,HTML,履歴資料,履歴参照のみ,現行導線に明示されていないHTML。必要時は台帳から位置づけを確認する。,current_vs_history_materials_20260525.html,2026/05/18 17:11,7
2026/05/26 14:04,event_return_analysis.html,HTML,履歴資料,履歴参照のみ,現行導線に明示されていないHTML。必要時は台帳から位置づけを確認する。,current_vs_history_materials_20260525.html,2026/05/18 16:44,93
2026/05/26 14:04,event_score_adjustment.html,HTML,履歴資料,履歴参照のみ,現行導線に明示されていないHTML。必要時は台帳から位置づけを確認する。,current_vs_history_materials_20260525.html,2026/05/25 16:34,7
2026/05/26 14:04,event_validation_calculated.csv,CSV,履歴データ,内部確認のみ,過去工程または途中検証のCSV。必要時に履歴として確認する。,current_vs_history_materials_20260525.html,2026/05/17 17:21,35
2026/05/26 14:04,event_validation_calculated.html,HTML,履歴資料,履歴参照のみ,現行導線に明示されていないHTML。必要時は台帳から位置づけを確認する。,current_vs_history_materials_20260525.html,2026/05/17 17:21,78
2026/05/26 14:04,event_validation_summary.csv,CSV,履歴データ,内部確認のみ,過去工程または途中検証のCSV。必要時に履歴として確認する。,current_vs_history_materials_20260525.html,2026/05/17 17:21,3
2026/05/26 14:04,event_validation_summary.html,HTML,履歴資料,履歴参照のみ,現行導線に明示されていないHTML。必要時は台帳から位置づけを確認する。,current_vs_history_materials_20260525.html,2026/05/17 17:21,6
2026/05/26 14:04,event_validation_template.csv,CSV,履歴データ,内部確認のみ,過去工程または途中検証のCSV。必要時に履歴として確認する。,current_vs_history_materials_20260525.html,2026/05/17 14:56,1
2026/05/26 14:04,first5_official_earnings_input.html,HTML,履歴資料,履歴参照のみ,途中検証の履歴。現行の候補抽出は上位20・10社補充・6月判定ルール側を優先する。,candidate_june_rulebook.html,2026/05/22 15:07,13
2026/05/26 14:04,first5_official_earnings_input.pdf,PDF,履歴資料,履歴参照のみ,途中検証の履歴。現行の候補抽出は上位20・10社補充・6月判定ルール側を優先する。,candidate_june_rulebook.html,2026/05/22 15:07,278
2026/05/26 14:04,first5_test_priority_score.html,HTML,履歴資料,履歴参照のみ,途中検証の履歴。現行の候補抽出は上位20・10社補充・6月判定ルール側を優先する。,candidate_june_rulebook.html,2026/05/22 15:16,11
2026/05/26 14:04,first5_test_priority_score.pdf,PDF,履歴資料,履歴参照のみ,途中検証の履歴。現行の候補抽出は上位20・10社補充・6月判定ルール側を優先する。,candidate_june_rulebook.html,2026/05/22 15:16,259
2026/05/26 14:04,industry_metric_extraction.html,HTML,履歴資料,履歴参照のみ,現行導線に明示されていないHTML。必要時は台帳から位置づけを確認する。,current_vs_history_materials_20260525.html,2026/05/20 00:30,24
2026/05/26 14:04,industry_public_data_downloads.html,HTML,履歴資料,履歴参照のみ,現行導線に明示されていないHTML。必要時は台帳から位置づけを確認する。,current_vs_history_materials_20260525.html,2026/05/19 17:46,11
2026/05/26 14:04,industry_stock_relation_analysis.html,HTML,履歴資料,履歴参照のみ,現行導線に明示されていないHTML。必要時は台帳から位置づけを確認する。,current_vs_history_materials_20260525.html,2026/05/20 01:43,36
2026/05/26 14:04,june_event_gate_engine.html,HTML,履歴資料,履歴参照のみ,現行導線に明示されていないHTML。必要時は台帳から位置づけを確認する。,current_vs_history_materials_20260525.html,2026/05/20 09:53,21
2026/05/26 14:04,june_gate_operation.html,HTML,履歴資料,履歴参照のみ,現行導線に明示されていないHTML。必要時は台帳から位置づけを確認する。,current_vs_history_materials_20260525.html,2026/05/20 08:46,15
2026/05/26 14:04,june_interactive_operation_dashboard.html,HTML,履歴資料,履歴参照のみ,現行導線に明示されていないHTML。必要時は台帳から位置づけを確認する。,current_vs_history_materials_20260525.html,2026/05/20 11:25,21
2026/05/26 14:04,june_prebuy_gate.html,HTML,履歴資料,履歴参照のみ,現行導線に明示されていないHTML。必要時は台帳から位置づけを確認する。,current_vs_history_materials_20260525.html,2026/05/20 08:35,10
2026/05/26 14:04,june_test_candidate_ranking_event_return.html,HTML,履歴資料,履歴参照のみ,現行導線に明示されていないHTML。必要時は台帳から位置づけを確認する。,current_vs_history_materials_20260525.html,2026/05/18 16:55,6
2026/05/26 14:04,june_test_candidate_ranking.html,HTML,履歴資料,履歴参照のみ,現行導線に明示されていないHTML。必要時は台帳から位置づけを確認する。,current_vs_history_materials_20260525.html,2026/05/18 16:54,7
2026/05/26 14:04,june_test_composite_decision.html,HTML,履歴資料,履歴参照のみ,現行導線に明示されていないHTML。必要時は台帳から位置づけを確認する。,current_vs_history_materials_20260525.html,2026/05/20 08:29,7
2026/05/26 14:04,june_test_triage_from_top10.html,HTML,履歴資料,履歴参照のみ,現行導線に明示されていないHTML。必要時は台帳から位置づけを確認する。,current_vs_history_materials_20260525.html,2026/05/24 16:18,14
2026/05/26 14:04,june_test_triage_from_top10.pdf,PDF,履歴資料,履歴参照のみ,PDFは作成時点の固定資料。現行方針は最新HTMLと台帳で確認する。,current_vs_history_materials_20260525.html,2026/05/24 16:18,230
2026/05/26 14:04,market_theme_check_detail.csv,CSV,履歴データ,内部確認のみ,過去工程または途中検証のCSV。必要時に履歴として確認する。,current_vs_history_materials_20260525.html,2026/05/18 12:01,4
2026/05/26 14:04,market_theme_check_summary.csv,CSV,履歴データ,内部確認のみ,過去工程または途中検証のCSV。必要時に履歴として確認する。,current_vs_history_materials_20260525.html,2026/05/18 12:01,1
2026/05/26 14:04,meaningful_universe_design.html,HTML,履歴資料,履歴参照のみ,現行導線に明示されていないHTML。必要時は台帳から位置づけを確認する。,current_vs_history_materials_20260525.html,2026/05/22 12:57,19
2026/05/26 14:04,meaningful_universe_design.pdf,PDF,履歴資料,履歴参照のみ,PDFは作成時点の固定資料。現行方針は最新HTMLと台帳で確認する。,current_vs_history_materials_20260525.html,2026/05/22 12:57,308
2026/05/26 14:04,model_improvement_dashboard.html,HTML,履歴資料,履歴参照のみ,現行導線に明示されていないHTML。必要時は台帳から位置づけを確認する。,current_vs_history_materials_20260525.html,2026/05/20 12:23,19
2026/05/26 14:04,model_risk_action_list_20260525.html,HTML,履歴資料,履歴参照のみ,現行導線に明示されていないHTML。必要時は台帳から位置づけを確認する。,current_vs_history_materials_20260525.html,2026/05/25 17:11,12
2026/05/26 14:04,mvp_charts.html,HTML,履歴資料,履歴参照のみ,現行導線に明示されていないHTML。必要時は台帳から位置づけを確認する。,current_vs_history_materials_20260525.html,2026/05/20 17:41,91
2026/05/26 14:04,mvp_client_summary.html,HTML,要注意履歴,単独提示不可,初期MVP説明資料。現行の検証候補抽出設計とは粒度が違う。,current_vs_history_materials_20260525.html,2026/05/14 21:41,9
2026/05/26 14:04,mvp_client_summary.pdf,PDF,要注意履歴,単独提示不可,初期MVP説明資料。現行の検証候補抽出設計とは粒度が違う。,current_vs_history_materials_20260525.html,2026/05/14 21:42,178
2026/05/26 14:04,mvp_prediction_actuals.csv,CSV,履歴データ,内部確認のみ,過去工程または途中検証のCSV。必要時に履歴として確認する。,current_vs_history_materials_20260525.html,2026/05/19 17:31,13
2026/05/26 14:04,mvp_predictions.csv,CSV,履歴データ,内部確認のみ,過去工程または途中検証のCSV。必要時に履歴として確認する。,current_vs_history_materials_20260525.html,2026/05/19 17:31,10
2026/05/26 14:04,mvp_score_history.csv,CSV,履歴データ,内部確認のみ,過去工程または途中検証のCSV。必要時に履歴として確認する。,current_vs_history_materials_20260525.html,2026/05/19 17:31,68
2026/05/26 14:04,next_data_verification_queue.html,HTML,履歴資料,履歴参照のみ,現行導線に明示されていないHTML。必要時は台帳から位置づけを確認する。,current_vs_history_materials_20260525.html,2026/05/18 17:30,6
2026/05/26 14:04,nisa_1year_mvp_june_test_report.html,HTML,要注意履歴,単独提示不可,初期の6月テスト資料。現行ルールに上書きされた箇所がある。,candidate_june_rulebook.html,2026/05/18 13:02,16
2026/05/26 14:04,nisa_1year_mvp_june_test_report.pdf,PDF,要注意履歴,単独提示不可,初期の6月テスト資料。現行ルールに上書きされた箇所がある。,candidate_june_rulebook.html,2026/05/18 13:02,415
2026/05/26 14:04,nisa_1year_score_preview.csv,CSV,履歴データ,内部確認のみ,過去工程または途中検証のCSV。必要時に履歴として確認する。,current_vs_history_materials_20260525.html,2026/05/17 17:29,5
2026/05/26 14:04,nisa_1year_score_preview.html,HTML,履歴資料,履歴参照のみ,現行導線に明示されていないHTML。必要時は台帳から位置づけを確認する。,current_vs_history_materials_20260525.html,2026/05/17 17:29,14
2026/05/26 14:04,nisa_financial_input_filled.csv,CSV,履歴データ,内部確認のみ,過去工程または途中検証のCSV。必要時に履歴として確認する。,current_vs_history_materials_20260525.html,2026/05/16 17:18,3
2026/05/26 14:04,official_event_log.html,HTML,履歴資料,履歴参照のみ,現行導線に明示されていないHTML。必要時は台帳から位置づけを確認する。,current_vs_history_materials_20260525.html,2026/05/18 14:27,14
2026/05/26 14:04,operation_tracking.html,HTML,履歴資料,履歴参照のみ,現行導線に明示されていないHTML。必要時は台帳から位置づけを確認する。,current_vs_history_materials_20260525.html,2026/05/20 11:13,10
2026/05/26 14:04,operational_decision_tables.html,HTML,履歴資料,履歴参照のみ,現行導線に明示されていないHTML。必要時は台帳から位置づけを確認する。,current_vs_history_materials_20260525.html,2026/05/18 17:24,14
2026/05/26 14:04,pdf_metric_score_bridge.html,HTML,履歴資料,履歴参照のみ,PDF読解実験の履歴。正式な自動読解完成品ではない。,data_acquisition_completion_dashboard.html,2026/05/19 14:13,5
2026/05/26 14:04,pdf_numeric_candidate_extraction.html,HTML,履歴資料,履歴参照のみ,PDF読解実験の履歴。正式な自動読解完成品ではない。,data_acquisition_completion_dashboard.html,2026/05/19 13:06,39
2026/05/26 14:04,pdf_structured_metric_candidates.html,HTML,履歴資料,履歴参照のみ,PDF読解実験の履歴。正式な自動読解完成品ではない。,data_acquisition_completion_dashboard.html,2026/05/19 13:30,7
2026/05/26 14:04,pdf_text_extraction_test.html,HTML,履歴資料,履歴参照のみ,PDF読解実験の履歴。正式な自動読解完成品ではない。,data_acquisition_completion_dashboard.html,2026/05/19 12:54,4
2026/05/26 14:04,prototype_sample.html,HTML,要注意履歴,単独提示不可,初期サンプル。現行資料ではない。,index.html,2026/05/14 17:10,14
2026/05/26 14:04,reviewed_event_score.html,HTML,履歴資料,履歴参照のみ,現行導線に明示されていないHTML。必要時は台帳から位置づけを確認する。,current_vs_history_materials_20260525.html,2026/05/25 16:34,6
2026/05/26 14:04,system_spec_schedule.html,HTML,要注意履歴,単独提示不可,初期の仕様・工期資料。現行の6月テスト前提と異なる可能性がある。,issue_resolution_flowchart_20260525.html,2026/05/14 17:58,0
2026/05/26 14:04,system_spec_schedule.pdf,PDF,要注意履歴,単独提示不可,初期の仕様・工期資料。現行の6月テスト前提と異なる可能性がある。,issue_resolution_flowchart_20260525.html,2026/05/14 18:05,326
2026/05/26 14:04,tdnet_action_classification.html,HTML,履歴資料,履歴参照のみ,現行導線に明示されていないHTML。必要時は台帳から位置づけを確認する。,current_vs_history_materials_20260525.html,2026/05/18 17:16,105
2026/05/26 14:04,tdnet_recent_event_log.html,HTML,履歴資料,履歴参照のみ,現行導線に明示されていないHTML。必要時は台帳から位置づけを確認する。,current_vs_history_materials_20260525.html,2026/05/18 14:48,96
2026/05/26 14:04,tenbagger_growth_cagr_intake.html,HTML,履歴資料,履歴参照のみ,テンバガー探索の補助・履歴資料。NISA 1年保有候補の確定資料ではない。,tenbagger_research_corner.html,2026/05/21 13:10,10
2026/05/26 14:04,tenbagger_growth_cagr_intake.pdf,PDF,履歴資料,履歴参照のみ,テンバガー探索の補助・履歴資料。NISA 1年保有候補の確定資料ではない。,tenbagger_research_corner.html,2026/05/21 13:12,231
2026/05/26 14:04,tenbagger_marketcap_intake.html,HTML,履歴資料,履歴参照のみ,テンバガー探索の補助・履歴資料。NISA 1年保有候補の確定資料ではない。,tenbagger_research_corner.html,2026/05/21 12:00,10
2026/05/26 14:04,tenbagger_marketcap_intake.pdf,PDF,履歴資料,履歴参照のみ,テンバガー探索の補助・履歴資料。NISA 1年保有候補の確定資料ではない。,tenbagger_research_corner.html,2026/05/21 12:01,230
2026/05/26 14:04,tenbagger_research_corner.pdf,PDF,履歴資料,履歴参照のみ,テンバガー探索の補助・履歴資料。NISA 1年保有候補の確定資料ではない。,tenbagger_research_corner.html,2026/05/21 13:43,385
2026/05/26 14:04,tenbagger_screening_prototype.html,HTML,履歴資料,履歴参照のみ,テンバガー探索の補助・履歴資料。NISA 1年保有候補の確定資料ではない。,tenbagger_research_corner.html,2026/05/21 13:12,9
2026/05/26 14:04,tenbagger_screening_prototype.pdf,PDF,履歴資料,履歴参照のみ,テンバガー探索の補助・履歴資料。NISA 1年保有候補の確定資料ではない。,tenbagger_research_corner.html,2026/05/21 13:13,268
2026/05/26 14:04,theme_data_progress.csv,CSV,履歴データ,内部確認のみ,過去工程または途中検証のCSV。必要時に履歴として確認する。,current_vs_history_materials_20260525.html,2026/05/17 16:33,4
2026/05/26 14:04,theme_data_source_plan.csv,CSV,履歴データ,内部確認のみ,過去工程または途中検証のCSV。必要時に履歴として確認する。,current_vs_history_materials_20260525.html,2026/05/17 16:33,2
2026/05/26 14:04,theme_macro_combined.csv,CSV,履歴データ,内部確認のみ,過去工程または途中検証のCSV。必要時に履歴として確認する。,current_vs_history_materials_20260525.html,2026/05/17 16:33,4057
2026/05/26 14:04,top10_earnings_reaction_check.html,HTML,履歴資料,履歴参照のみ,途中検証の履歴。現行の候補抽出は上位20・10社補充・6月判定ルール側を優先する。,candidate_june_rulebook.html,2026/05/24 12:37,16
2026/05/26 14:04,top10_earnings_reaction_check.pdf,PDF,履歴資料,履歴参照のみ,途中検証の履歴。現行の候補抽出は上位20・10社補充・6月判定ルール側を優先する。,candidate_june_rulebook.html,2026/05/24 12:38,263
2026/05/26 14:04,top10_official_input_and_score.html,HTML,履歴資料,履歴参照のみ,途中検証の履歴。現行の候補抽出は上位20・10社補充・6月判定ルール側を優先する。,candidate_june_rulebook.html,2026/05/24 12:24,26
2026/05/26 14:04,top10_official_input_and_score.pdf,PDF,履歴資料,履歴参照のみ,途中検証の履歴。現行の候補抽出は上位20・10社補充・6月判定ルール側を優先する。,candidate_june_rulebook.html,2026/05/24 12:24,420
2026/05/26 14:04,top10_reaction_adjusted_score.html,HTML,履歴資料,履歴参照のみ,途中検証の履歴。現行の候補抽出は上位20・10社補充・6月判定ルール側を優先する。,candidate_june_rulebook.html,2026/05/24 12:47,14
2026/05/26 14:04,top10_reaction_adjusted_score.pdf,PDF,履歴資料,履歴参照のみ,途中検証の履歴。現行の候補抽出は上位20・10社補充・6月判定ルール側を優先する。,candidate_june_rulebook.html,2026/05/24 12:48,234
2026/05/26 14:04,top3_official_data_intake.html,HTML,履歴資料,履歴参照のみ,途中検証の履歴。現行の候補抽出は上位20・10社補充・6月判定ルール側を優先する。,candidate_june_rulebook.html,2026/05/21 10:32,27
2026/05/26 14:04,top3_official_data_intake.pdf,PDF,履歴資料,履歴参照のみ,途中検証の履歴。現行の候補抽出は上位20・10社補充・6月判定ルール側を優先する。,candidate_june_rulebook.html,2026/05/21 10:32,385
2026/05/26 14:04,top3_official_formal_input_review.html,HTML,履歴資料,履歴参照のみ,途中検証の履歴。現行の候補抽出は上位20・10社補充・6月判定ルール側を優先する。,candidate_june_rulebook.html,2026/05/21 10:42,12
2026/05/26 14:04,top3_official_formal_input_review.pdf,PDF,履歴資料,履歴参照のみ,途中検証の履歴。現行の候補抽出は上位20・10社補充・6月判定ルール側を優先する。,candidate_june_rulebook.html,2026/05/21 10:42,262
2026/05/26 14:04,top3_official_score_reflection_preview.html,HTML,履歴資料,履歴参照のみ,途中検証の履歴。現行の候補抽出は上位20・10社補充・6月判定ルール側を優先する。,candidate_june_rulebook.html,2026/05/21 11:19,6
2026/05/26 14:04,top3_official_score_reflection_preview.pdf,PDF,履歴資料,履歴参照のみ,途中検証の履歴。現行の候補抽出は上位20・10社補充・6月判定ルール側を優先する。,candidate_june_rulebook.html,2026/05/21 11:19,175
2026/05/26 14:04,two_day_candidate_data_completion_report.html,HTML,履歴資料,履歴参照のみ,現行導線に明示されていないHTML。必要時は台帳から位置づけを確認する。,current_vs_history_materials_20260525.html,2026/05/25 10:11,14
2026/05/26 14:04,two_day_candidate_data_completion_report.pdf,PDF,履歴資料,履歴参照のみ,PDFは作成時点の固定資料。現行方針は最新HTMLと台帳で確認する。,current_vs_history_materials_20260525.html,2026/05/25 10:11,253
2026/05/26 14:04,universe100_screening.html,HTML,履歴資料,履歴参照のみ,現行導線に明示されていないHTML。必要時は台帳から位置づけを確認する。,current_vs_history_materials_20260525.html,2026/05/21 13:42,21
2026/05/26 14:04,universe100_screening.pdf,PDF,履歴資料,履歴参照のみ,PDFは作成時点の固定資料。現行方針は最新HTMLと台帳で確認する。,current_vs_history_materials_20260525.html,2026/05/21 13:43,544
2026/05/26 14:04,variable_formula_status_report.html,HTML,要注意履歴,単独提示不可,変数・数式の途中整理資料。現行仕様ではなく履歴として扱う。,missing_data_score_gate_20260525.html,2026/05/16 18:04,20
2026/05/26 14:04,variable_formula_status_report.pdf,PDF,要注意履歴,単独提示不可,変数・数式の途中整理資料。現行仕様ではなく履歴として扱う。,missing_data_score_gate_20260525.html,2026/05/16 18:04,455
