updated_at,file,target_reason,finding_count,must_fix_count,confirm_count,gate
2026/05/27 02:53,academic_validation_protocol_20260525.html,現行資料または現行補助として台帳に登録,2,0,0,公開可
2026/05/27 02:53,backtest_validation_20260525.html,現行資料または現行補助として台帳に登録,12,0,3,人間確認後に公開可
2026/05/27 02:53,candidate_10_broad_peer_reference_20260526.html,現行資料または現行補助として台帳に登録,0,0,0,公開可
2026/05/27 02:53,candidate_10_client_explanation_20260527.html,現行資料または現行補助として台帳に登録,1,0,0,公開可
2026/05/27 02:53,candidate_10_company_memos_20260526.html,現行資料または現行補助として台帳に登録,0,0,0,公開可
2026/05/27 02:53,candidate_10_completion_closure_20260526.html,現行資料または現行補助として台帳に登録,0,0,0,公開可
2026/05/27 02:53,candidate_10_completion_workbench_20260526.html,現行資料または現行補助として台帳に登録,0,0,0,公開可
2026/05/27 02:53,candidate_10_current_data_connection_20260526.html,現行資料または現行補助として台帳に登録,0,0,0,公開可
2026/05/27 02:53,candidate_10_delivery_hub_20260527.html,現行資料または現行補助として台帳に登録,1,0,0,公開可
2026/05/27 02:53,candidate_10_delivery_status_brief_20260526.html,現行資料または現行補助として台帳に登録,0,0,0,公開可
2026/05/27 02:53,candidate_10_disco_20d_reaction_update_20260526.html,現行資料または現行補助として台帳に登録,0,0,0,公開可
2026/05/27 02:53,candidate_10_event_evidence_dryrun_verification_20260526.html,現行資料または現行補助として台帳に登録,2,0,1,人間確認後に公開可
2026/05/27 02:53,candidate_10_event_evidence_workbench_20260526.html,現行資料または現行補助として台帳に登録,1,0,0,公開可
2026/05/27 02:53,candidate_10_evidence_pack_20260526.html,現行資料または現行補助として台帳に登録,0,0,0,公開可
2026/05/27 02:53,candidate_10_explanation_cards_20260526.html,現行資料または現行補助として台帳に登録,0,0,0,公開可
2026/05/27 02:53,candidate_10_input_cockpit_20260526.html,現行資料または現行補助として台帳に登録,0,0,0,公開可
2026/05/27 02:53,candidate_10_input_template_validator_20260526.html,現行資料または現行補助として台帳に登録,0,0,0,公開可
2026/05/27 02:53,candidate_10_june_decision_calendar_20260527.html,現行資料または現行補助として台帳に登録,0,0,0,公開可
2026/05/27 02:53,candidate_10_june_gate_rules_20260527.html,現行資料または現行補助として台帳に登録,5,0,0,公開可
2026/05/27 02:53,candidate_10_missing_event_reaction_connect_20260526.html,現行資料または現行補助として台帳に登録,0,0,0,公開可
2026/05/27 02:53,candidate_10_next_data_tasks_20260526.html,現行資料または現行補助として台帳に登録,0,0,0,公開可
2026/05/27 02:53,candidate_10_official_source_queue_20260526.html,現行資料または現行補助として台帳に登録,0,0,0,公開可
2026/05/27 02:53,candidate_10_per_estimate_bridge_20260526.html,現行資料または現行補助として台帳に登録,0,0,0,公開可
2026/05/27 02:53,candidate_10_priority_completion_20260526.html,現行資料または現行補助として台帳に登録,2,0,0,公開可
2026/05/27 02:53,candidate_10_qualitative_validation_checklist_20260526.html,現行資料または現行補助として台帳に登録,0,0,0,公開可
2026/05/27 02:53,candidate_10_rational_selection_board_20260526.html,現行資料または現行補助として台帳に登録,0,0,0,公開可
2026/05/27 02:53,candidate_10_reaction_due_reconstruction_20260526.html,現行資料または現行補助として台帳に登録,0,0,0,公開可
2026/05/27 02:53,candidate_10_reaction_maturity_bridge_20260526.html,現行資料または現行補助として台帳に登録,0,0,0,公開可
2026/05/27 02:53,candidate_10_selection_completion_pack_20260526.html,現行資料または現行補助として台帳に登録,0,0,0,公開可
2026/05/27 02:53,candidate_10_selection_draft_20260526.html,現行資料または現行補助として台帳に登録,0,0,0,公開可
2026/05/27 02:53,candidate_10_selection_readiness_20260526.html,現行資料または現行補助として台帳に登録,1,0,0,公開可
2026/05/27 02:53,candidate_10_test_selection_gate_20260526.html,現行資料または現行補助として台帳に登録,0,0,0,公開可
2026/05/27 02:53,candidate_10_tomorrow_brief_20260526.html,現行資料または現行補助として台帳に登録,0,0,0,公開可
2026/05/27 02:53,candidate_10_tomorrow_finalization_queue_20260526.html,現行資料または現行補助として台帳に登録,0,0,0,公開可
2026/05/27 02:53,candidate_10_universe_lineage_20260526.html,現行資料または現行補助として台帳に登録,0,0,0,公開可
2026/05/27 02:53,candidate_data_completion_20260526.html,現行資料または現行補助として台帳に登録,2,0,0,公開可
2026/05/27 02:53,candidate_june_rulebook.html,現行資料または現行補助として台帳に登録,29,0,15,人間確認後に公開可
2026/05/27 02:53,candidate_role_wording_20260526.html,現行資料または現行補助として台帳に登録,53,0,7,人間確認後に公開可
2026/05/27 02:53,candidate_supplement_10_plan.html,現行資料または現行補助として台帳に登録,2,0,0,公開可
2026/05/27 02:53,candidate_theme_scoring.html,現行資料または現行補助として台帳に登録,3,0,2,人間確認後に公開可
2026/05/27 02:53,client_handoff_guide.html,現行資料または現行補助として台帳に登録,4,0,0,公開可
2026/05/27 02:53,current_vs_history_materials_20260525.html,現行資料または現行補助として台帳に登録,1,0,0,公開可
2026/05/27 02:53,data_acquisition_completion_dashboard.html,現行資料または現行補助として台帳に登録,1,0,0,公開可
2026/05/27 02:53,data_sources_view.html,現行資料または現行補助として台帳に登録,0,0,0,公開可
2026/05/27 02:53,delivery_check_report.html,現行資料または現行補助として台帳に登録,0,0,0,公開可
2026/05/27 02:53,display_wording_audit_20260525.html,現行資料または現行補助として台帳に登録,623,0,215,人間確認後に公開可
2026/05/27 02:53,dual_axis_selection_model.html,現行資料または現行補助として台帳に登録,5,0,2,人間確認後に公開可
2026/05/27 02:53,event_causality_validation_20260525.html,現行資料または現行補助として台帳に登録,22,0,0,公開可
2026/05/27 02:53,event_impact_2026_screening_plan.html,現行資料または現行補助として台帳に登録,2,0,1,人間確認後に公開可
2026/05/27 02:53,event_type_reaction_db_20260526.html,現行資料または現行補助として台帳に登録,1,0,0,公開可
2026/05/27 02:53,existing_metric_reuse_scan_20260526.html,現行資料または現行補助として台帳に登録,1,0,0,公開可
2026/05/27 02:53,external_metric_source_feasibility_20260526.html,現行資料または現行補助として台帳に登録,0,0,0,公開可
2026/05/27 02:53,immediate_completion_input_map_20260526.html,現行資料または現行補助として台帳に登録,0,0,0,公開可
2026/05/27 02:53,immediate_completion_score_bridge_20260526.html,現行資料または現行補助として台帳に登録,0,0,0,公開可
2026/05/27 02:53,index.html,現行資料または現行補助として台帳に登録,48,0,22,人間確認後に公開可
2026/05/27 02:53,ipo_special_watch_corner_20260526.html,現行資料または現行補助として台帳に登録,4,0,1,人間確認後に公開可
2026/05/27 02:53,issue_recovery_board_20260525.html,現行資料または現行補助として台帳に登録,10,0,3,人間確認後に公開可
2026/05/27 02:53,issue_resolution_flowchart_20260525.html,現行資料または現行補助として台帳に登録,14,0,2,人間確認後に公開可
2026/05/27 02:53,june_10_finalization_sprint_20260526.html,現行資料または現行補助として台帳に登録,0,0,0,公開可
2026/05/27 02:53,june_forward_test_record_20260526.html,現行資料または現行補助として台帳に登録,0,0,0,公開可
2026/05/27 02:53,june_test_10_selection_board_20260526.html,現行資料または現行補助として台帳に登録,2,0,0,公開可
2026/05/27 02:53,market_theme_check.html,現行資料または現行補助として台帳に登録,3,0,2,人間確認後に公開可
2026/05/27 02:53,missing_data_score_gate_20260525.html,現行資料または現行補助として台帳に登録,5,0,0,公開可
2026/05/27 02:53,missing_per_peer_fetch_queue_20260526.html,現行資料または現行補助として台帳に登録,2,0,2,人間確認後に公開可
2026/05/27 02:53,model_integrity_audit.html,現行資料または現行補助として台帳に登録,1,0,1,人間確認後に公開可
2026/05/27 02:53,nisa_one_year_test_operation_plan_20260527.html,現行資料または現行補助として台帳に登録,5,0,0,公開可
2026/05/27 02:53,nisa_test_record_ledger_20260527.html,現行資料または現行補助として台帳に登録,1,0,0,公開可
2026/05/27 02:53,operation_cockpit.html,現行資料または現行補助として台帳に登録,4,0,0,公開可
2026/05/27 02:53,plus1_benchmark_connection_20260525.html,現行資料または現行補助として台帳に登録,10,0,9,人間確認後に公開可
2026/05/27 02:53,plus1_practical_validation_model_20260525.html,現行資料または現行補助として台帳に登録,0,0,0,公開可
2026/05/27 02:53,qualitative_gate_scoring_20260527.html,現行資料または現行補助として台帳に登録,2,0,0,公開可
2026/05/27 02:53,sector_adjustment_20260525.html,現行資料または現行補助として台帳に登録,1,0,1,人間確認後に公開可
2026/05/27 02:53,semiconductor_downside_resilience_20260526.html,現行資料または現行補助として台帳に登録,0,0,0,公開可
2026/05/27 02:53,semiconductor_dry_run_verification_20260526.html,現行資料または現行補助として台帳に登録,0,0,0,公開可
2026/05/27 02:53,semiconductor_forward_log_bridge_20260526.html,現行資料または現行補助として台帳に登録,0,0,0,公開可
2026/05/27 02:53,semiconductor_fundamental_completion_20260526.html,現行資料または現行補助として台帳に登録,5,0,1,人間確認後に公開可
2026/05/27 02:53,semiconductor_june_dry_run_test_20260526.html,現行資料または現行補助として台帳に登録,0,0,0,公開可
2026/05/27 02:53,semiconductor_june_recheck_checklist_20260526.html,現行資料または現行補助として台帳に登録,3,0,0,公開可
2026/05/27 02:53,semiconductor_june_result_input_cockpit_20260526.html,現行資料または現行補助として台帳に登録,0,0,0,公開可
2026/05/27 02:53,semiconductor_quant_gate_connection_20260526.html,現行資料または現行補助として台帳に登録,7,0,0,公開可
2026/05/27 02:53,semiconductor_structural_advantage_gate_20260526.html,現行資料または現行補助として台帳に登録,2,0,0,公開可
2026/05/27 02:53,supplement_reaction_check.html,現行資料または現行補助として台帳に登録,1,0,0,公開可
2026/05/27 02:53,tenbagger_research_corner.html,現行資料または現行補助として台帳に登録,3,0,2,人間確認後に公開可
2026/05/27 02:53,terminology_cleanup_20260525.html,現行資料または現行補助として台帳に登録,6,0,0,公開可
2026/05/27 02:53,theme_stock_bridge.html,現行資料または現行補助として台帳に登録,2,0,0,公開可
2026/05/27 02:53,top20_completion_recalculated_candidates.html,現行資料または現行補助として台帳に登録,1,0,0,公開可
2026/05/27 02:53,trend_candidate_fundamental_gate.html,現行資料または現行補助として台帳に登録,0,0,0,公開可
2026/05/27 02:53,trend_candidate_official_ir_gate.html,現行資料または現行補助として台帳に登録,0,0,0,公開可
2026/05/27 02:53,trend_candidate_price_intake.html,現行資料または現行補助として台帳に登録,1,0,0,公開可
2026/05/27 02:53,trend_deduction_research_base.html,現行資料または現行補助として台帳に登録,0,0,0,公開可
2026/05/27 02:53,trend_news_extraction_mvp.html,現行資料または現行補助として台帳に登録,6,0,1,人間確認後に公開可
2026/05/27 02:53,universe_definition_20260525.html,現行資料または現行補助として台帳に登録,3,0,0,公開可
